"氏名","氏名（ひらがな）","年齢","生年月日","性別","血液型","メールアドレス","電話番号","携帯電話番号","郵便番号","住所","会社名","クレジットカード","有効期限","マイナンバー"
"小山 慎二","こやま しんじ",58,"1965年11月26日","男","O","koyamashinji@example.ne.jp","0436-51-6551","080-2588-4584","273-7128","千葉県船橋市夏見2-1-21","","5498147828155165","02/25","631207295736"
"三品 純","みしな あや",60,"1963年12月09日","男","A","mishina129@example.jp","03-6973-9711","070-8368-1340","191-4095","東京都港区虎ノ門1-3-8ザ・ステイツ207","有限会社サンキ","3584793453838011","11/26","220718457009"
"長澤 明子","ながさわ あきこ",44,"1980年01月05日","女","AB","nagasawaakiko@example.com","0533-07-3156","080-7704-2549","450-3808","愛知県名古屋市北区上飯田東町2-3-10","株式会社フジ","3559365176676621","08/27","130371435329"
"川良 久美子","かわら くみこ",30,"1994年05月17日","女","B","kumiko_kawara@example.net","06-8641-9425","050-0223-7161","558-0942","大阪府和泉市池上町3-3-7","合名会社中屋金物店","5485832317338035","07/27","949060126461"
"高根 優美","たかね ゆみ",70,"1953年08月23日","女","A","takaneyumi@example.co.jp","0174-87-7701","080-8472-8221","030-7068","青森県青森市筒井2-3-4","","4813848775877195","12/26","571689519021"
"住野 昌子","すみの まさこ",20,"2004年02月02日","女","A","suminomasako@example.net","06-3887-9603","080-1391-1884","541-2202","大阪府豊中市岡上の町1-5-704","株式会社大貴","4416150310336147","07/28","537444755990"
"溝口 毅","みぞぐち たかし",27,"1996年08月04日","男","A","mizoguchi_84@example.org","0798-92-5577","070-2111-2476","676-1959","兵庫県川西市清和台東1-2-6","株式会社椿","377665869498746","07/28","439850687007"
"福井 成美","ふくい なるみ",59,"1964年12月20日","男","B","fukui_1220@example.com","06-3550-9353","080-3135-5422","554-4328","大阪府大阪市北区中之島1-3-102","","3574745788576338","09/26","058276006515"
"野本 正勝","のもと まさかつ",56,"1968年06月11日","男","B","masakatsunomoto@example.jp","03-0582-0501","080-9944-8943","160-4581","東京都港区芝2-5-5","合資会社白玉屋","3576518063740772","02/29","890331290950"
"山崎 克哉","やまざき かつや",66,"1958年03月28日","その他・不明","O","katsuya_yamazaki@example.net","0869-13-7140","080-3293-9102","712-5870","岡山県岡山市南区浜野1-3-4","","5323335901118819","09/28","696280536568"
"石村 瑞恵","いしむら みずえ",71,"1953年07月20日","女","AB","ishimura_mizue@example.co.jp","06-8010-8088","070-6202-7492","542-5807","大阪府大阪市東住吉区山坂3-2-8","","5351514829430325","07/25","445640211581"
"森嶋 貴子","もりしま たかこ",45,"1978年12月19日","女","O","takako_morishima@example.com","048-103-2879","080-7765-6314","335-3262","埼玉県北本市中央1-5-505","","371117142210130","10/28","757600187710"
"青木 直幸","あおき なおゆき",68,"1956年02月08日","男","AB","aoki28@example.jp","03-6703-3310","050-9506-1326","161-3773","東京都墨田区石原2-5-10","","3577588244206851","11/26","828273323811"
"藤原 英隆","ふじわら ひでたか",77,"1946年10月03日","男","A","hidetaka_fujiwara@example.jp","093-179-3744","050-6337-2102","836-9669","福岡県福岡市中央区天神3-5-20","","379821659226247","02/29","821349581284"
"国田 修司","くにた しゅうじ",41,"1983年03月26日","男","A","kunitashuuji@example.com","01635-9-9677","080-5900-7393","007-3890","北海道札幌市南区南沢五条2-2-6","合名会社八百末商店","3576480556129825","11/24","372916685771"
"岩田 晴香","いわた はるか",49,"1975年03月20日","女","A","iwata_320@example.co.jp","06-6564-7672","080-4246-1537","566-2760","大阪府東大阪市下小阪1-1-21サンヴィラ201","株式会社エムアンドエム","377672313736663","01/26","738794187672"
"斉藤 淳","さいとう じゅん",72,"1952年07月27日","男","A","saitojun@example.ne.jp","044-145-6592","070-9155-2603","234-7574","神奈川県横浜市西区みなとみらい1-1-11","","5329503466366230","11/24","625067109597"
"齋藤 麻紀子","さいとう まきこ",22,"2001年11月07日","女","B","saitomakiko@example.jp","03-3485-1560","050-4640-1155","202-9840","東京都港区白金台2-2-10","","5251414838435111","07/26","183857768075"
"山本 さやか","やまもと さやか",57,"1967年07月24日","女","B","yamamotosayaka@example.net","09802-1-8244","070-4162-7238","903-5551","沖縄県浦添市内間3-5-19","株式会社ネスト","4782666820130619","04/29","119067618766"
"田草川 正樹","たくさがわ まさき",67,"1957年04月16日","男","O","masakitakusagawa@example.co.jp","0947-13-6462","050-6129-7228","805-8369","福岡県北九州市八幡西区上上津役2-5-703","","373141208759994","10/27","645058577392"
"倉知 一隆","くらち かずたか",32,"1991年11月10日","男","O","kurachi_kazutaka@example.net","0946-11-6430","090-2075-6932","839-9724","福岡県福岡市中央区渡辺通4-1-9","株式会社センス","3545974004452282","10/28","641250694127"
"佐藤 翔太郎","さとう しょうたろう",44,"1979年09月11日","男","O","shoutarou_sato@example.net","03-4065-5307","050-6130-2018","117-1382","東京都目黒区碑文谷3-3-20","有限会社青木工務店","374057272723550","09/27","419558018330"
"青山 秀徳","あおやま しゅうとく",50,"1973年09月25日","男","A","aoyamashuutoku@example.jp","03-6360-0343","050-7055-2592","114-1657","東京都文京区千石4-1-3","竹村自轉車販賣合資会社","5446866987296378","03/29","116656223403"
"山下 浩","やました ひろし",31,"1993年01月08日","男","AB","yamashita_18@example.co.jp","0146-02-8851","050-8996-4345","086-4409","北海道釧路市鳥取大通3-2-10","高橋建設株式会社","5127111418216588","09/28","893793657816"
"奥田 珠里","おくだ じゅり",78,"1946年07月13日","その他・不明","O","okuda_juri@example.ne.jp","0277-32-6193","080-6167-7367","376-9758","群馬県高崎市緑町4-3-5プリオーレ603","","376587280869712","12/28","974863118659"
"岡田 悟","おかだ さとる",26,"1998年06月17日","男","B","okada617@example.jp","03-5046-5010","080-0833-6349","143-0109","東京都港区南麻布2-1-1004","株式会社ダイテック","4961286646321434","09/26","308812589614"
"鈴木 陽子","すずき ようこ",42,"1982年01月06日","女","A","suzuki_16@example.com","0158-36-1182","080-7416-5283","096-9683","北海道札幌市中央区北二条西3-3-8","合名会社秋葉商店","3579512680254561","02/29","587839242167"
"松本 正敏","まつもと まさとし",60,"1964年05月19日","男","O","matsumoto_masatoshi@example.net","03-4302-5245","050-4382-3864","182-9387","東京都渋谷区恵比寿2-3-18","株式会社フロンティア","4380162771555141","07/27","487670717387"
"藤井 耕平","ふじい こうへい",76,"1948年04月12日","男","A","kohei_fujii@example.co.jp","03-0531-1635","070-2794-9227","128-1169","東京都江東区三好1-3-409","","5181964170576612","02/29","163646146565"
"藤原 祥之","ふじわら よしゆき",50,"1974年04月10日","男","O","yoshiyuki_fujiwara@example.co.jp","052-697-7232","080-2892-1597","478-9515","愛知県知多市にしの台2-1-18","合名会社アニマルリサーチ","373310012470375","01/27","597104419182"
"木藤 竜二","きとう りゅうじ",75,"1949年06月27日","男","O","kito_627@example.org","03-2021-3900","080-6091-9289","106-1245","東京都三鷹市上連雀1-3-1108","","5581939331799432","02/26","921004324925"
"三宅 吉晴","みやけ よしはる",35,"1989年05月04日","男","A","yoshiharu_miyake@example.com","01635-3-5376","050-0380-1691","077-5593","北海道札幌市東区北三十三条東4-2-5","有限会社フルハウス","4995096736619252","01/26","074387329971"
"青木 華奈","あおき かな",23,"2000年12月20日","女","A","aoki1220@example.ne.jp","0479-27-2711","080-1604-7551","304-4734","茨城県土浦市板谷2-3-8レスタージュ509","合同会社Ｅｙｅｃｈａｒｔ","4886541587458633","06/25","601137990702"
"坂場 涼子","さかば りょうこ",31,"1993年03月21日","女","A","sakaba321@example.net","06-8187-1720","070-4928-7194","567-2918","大阪府大阪市西区南堀江2-4-18","有限会社タスク","3543853303948186","10/27","908526914564"
"高橋 誠","たかはし まこと",21,"2002年10月02日","男","A","takahashimakoto@example.net","06-1635-8709","080-1842-8378","537-5773","大阪府大阪市住之江区南港東1-2-106","株式会社エトワール","378552732856541","07/25","035420100572"
"川口 ともみ","かわぐち ともみ",53,"1971年04月01日","女","O","kawaguchitomomi@example.net","03-7082-4986","080-8715-1222","156-2109","東京都台東区千束3-5-8","株式会社ハートフル","5362497552493602","11/27","069169099944"
"井上 龍","いのうえ りゅう",48,"1976年02月06日","男","AB","ryuu_inoue@example.com","0576-56-1921","070-6149-8701","501-9444","岐阜県岐阜市加納水野町3-5-10ベリスタ708","大田郷運送合資会社","379259300821985","01/29","997624595453"
"近藤 淑子","こんどう よしこ",59,"1965年02月17日","女","A","yoshikokondou@example.jp","0463-32-0114","070-4882-9631","239-2015","神奈川県相模原市中央区共和1-3-9","船上バーベキュー合同会社","5448225993754433","04/28","003538983194"
"高橋 聡","たかはし あきら",69,"1955年03月19日","男","A","takahashi_319@example.ne.jp","0946-46-2215","070-6762-2055","835-5237","福岡県福岡市中央区天神3-5-20","","4173470980767089","11/24","050250317406"
"佐藤 拓郎","さとう たくろう",21,"2003年04月28日","男","O","takurou_sato@example.org","01466-2-0267","070-5044-2185","000-9223","北海道釧路市星が浦大通1-3-21","株式会社グッドライフ","377242012400837","09/27","770113852100"
"大庭 春香","おおば はるか",69,"1954年11月29日","女","O","obaharuka@example.org","03-1436-4907","050-4464-0254","195-6825","東京都東村山市秋津町3-3-7","","375852926495103","05/27","775957908790"
"内海 利江","うつみ としえ",23,"2001年03月08日","女","A","utsumi_38@example.ne.jp","06-6543-5616","080-1864-3919","551-8460","大阪府大阪市北区西天満1-3-21パレス707","株式会社SIN","379265636988950","02/28","248590895360"
"竹内 晋太郎","たけうち しんたろう",57,"1967年06月18日","男","A","shintaroutakeuchi@example.org","04-1714-5352","050-9855-2125","341-5185","埼玉県さいたま市岩槻区府内1-2-9","有限会社大幸","3552171930261073","06/29","951861140940"
"川本 博章","かわもと ひろあき",63,"1960年09月13日","男","A","kawamoto_hiroaki@example.org","0735-75-3391","090-2764-4082","519-0066","三重県四日市市別名1-1-802","","3587824443926843","08/26","022188821760"
"亀山 圭司","かめやま けいじ",76,"1948年06月08日","男","A","keijikameyama@example.co.jp","03-9767-6853","070-1576-6504","104-0460","東京都杉並区下高井戸4-3-7","","375575202228449","08/28","790234214056"
"田頭 直人","たがしら なおと",45,"1979年01月27日","男","A","naoto_tagashira@example.ne.jp","03-2825-1778","050-1013-9547","126-5696","東京都渋谷区本町1-5-13","合同会社シャイニングルビー","379428903938195","07/28","363992594441"
"里 美保","さと みほ",79,"1945年03月28日","女","B","mihosato@example.com","0479-18-5249","070-3380-5167","292-8823","千葉県市川市国府台2-1-6プラネ114","","5472056894152941","08/27","867126456259"
"向井 拓也","むかい たくや",75,"1948年12月18日","男","B","takuya_mukai@example.org","0476-71-2665","050-0542-1605","261-1420","千葉県柏市南逆井3-1-701","","372592736482585","10/25","157710114630"
"佐野 賢哉","さの けんや",67,"1957年02月16日","男","A","sano216@example.co.jp","046-672-3138","050-9559-6119","212-9888","神奈川県川崎市麻生区東百合丘1-1-17","","4359745635745044","05/28","820039721780"
"木村 清志","きむら きよし",46,"1978年06月04日","男","O","kiyoshi_kimura@example.co.jp","0533-32-5334","070-0518-6485","476-9243","愛知県名古屋市守山区大森1-1-8","有限会社山本商事","370746198243586","10/28","196645756560"
"織原 敬一","おりはら けいいち",26,"1998年04月22日","男","A","keiichi_orihara@example.com","03-5738-5632","070-9513-4871","116-2422","東京都渋谷区恵比寿3-2-5","有限会社三恵","3560920163496453","02/29","255860141475"
"田口 芳生","たぐち よしお",59,"1965年01月06日","男","A","taguchiyoshio@example.com","046-669-9305","090-8288-3500","258-2146","神奈川県横浜市中区元町1-5-4","合同会社あのつ教育社","3542222488640979","05/29","299896150869"
"梶本 桜子","かじもと さくらこ",28,"1996年06月16日","女","A","kajimoto616@example.co.jp","0790-42-1186","080-6491-0466","673-5965","兵庫県尼崎市富松町2-1-5","ＶＬ","3548071666235258","06/28","603887629591"
"星合 隆志","ほしあい たかし",69,"1955年04月10日","男","B","hoshiaitakashi@example.org","0463-11-6666","080-9938-1662","235-1373","神奈川県川崎市幸区中幸町4-2-3","","4795299909326752","12/27","779850720093"
"畠山 慎太郎","はたけやま しんたろう",36,"1987年12月12日","男","O","shintarouhatakeyama@example.co.jp","04-0671-0050","080-8151-4769","338-7152","埼玉県川口市西川口3-1-6","","3582298330789413","12/26","447949946856"
"小林 真由子","こばやし まゆこ",41,"1982年10月30日","女","A","mayukokobayashi@example.net","03-6682-6745","090-4390-7755","118-5346","東京都世田谷区駒沢3-3-5","有限会社明和","3567155426839644","02/27","239960170140"
"池田 誠","いけだ まこと",47,"1976年11月06日","男","A","ikedamakoto@example.net","03-7296-6277","080-2246-2899","192-7994","東京都渋谷区千駄ヶ谷1-2-4","","370935450432439","02/27","358778042420"
"川端 正臣","かわばた まさおみ",54,"1969年08月10日","男","A","kawabatamasaomi@example.com","03-7771-0919","050-8214-6674","126-8853","東京都江東区北砂1-4-14","株式会社ティーエム","3584213900529766","10/26","180551929777"
"小池 吉伸","こいけ よしのぶ",56,"1967年09月05日","男","B","yoshinobu_koike@example.org","01397-7-8752","080-1951-6305","008-2534","北海道札幌市東区北二十条東4-3-4","有限会社ピース","376197325511160","10/24","035382172394"
"山本 健司","やまもと けんじ",39,"1984年09月18日","男","A","kenji_yamamoto@example.ne.jp","0943-61-1614","050-1439-8953","806-1511","福岡県北九州市小倉北区中井3-3-7","有限会社エクセル","4202302960699815","10/26","829280548795"
"齋藤 誠","さいとう まこと",47,"1976年09月19日","男","A","saito919@example.jp","0135-24-2879","070-0630-5537","065-0091","北海道札幌市厚別区厚別北五条1-2-206","有限会社木村建設","378943826462314","05/27","526733481414"
"青柳 邦彦","あおやぎ くにひこ",74,"1949年08月07日","男","O","aoyagikunihiko@example.ne.jp","049-449-3185","050-7252-2617","367-5965","埼玉県三郷市彦成1-1-7","","5254136826949210","11/24","462929388252"
"南 忍","みなみ しのぶ",65,"1959年02月03日","男","AB","shinobuminami@example.net","0493-56-8790","050-4236-0589","336-6732","埼玉県川口市上青木西3-2-5","","3560404577901762","08/28","154064895564"
"沖野 綾香","おきの あやか",53,"1970年12月15日","女","A","ayaka_okino@example.com","047-833-9467","080-0906-3071","266-6077","千葉県船橋市西船4-3-8","有限会社ケイアイ","378485873551847","05/27","728990202129"
"藤田 由梨","ふじた ゆり",37,"1987年06月26日","女","A","yuri_fujita@example.ne.jp","03-7334-9100","090-3197-8610","194-4129","東京都板橋区前野町3-5-17","山本電化製莚合資会社","4675939872400952","03/28","865265526234"
"有村 大","ありむら だい",27,"1996年11月24日","男","A","daiarimura@example.com","04-0186-1283","090-3253-5124","279-5845","千葉県木更津市潮見1-2-6","有限会社林工務店","3560569856230248","11/27","437184548878"
"川邊 和寛","かわべ かずひろ",47,"1976年12月30日","男","A","kawabe_1230@example.org","03-0464-9696","080-4576-1738","135-5452","東京都足立区綾瀬3-4-16サーパス704","合名会社染谷農機工作所","4621836519518474","04/28","253812247625"
"阿井 愛弓","あい あゆみ",47,"1977年02月13日","女","A","ai_213@example.net","052-164-1212","070-6214-2100","443-3147","愛知県名古屋市中村区名駅1-2-3","合同会社ＭＵＧＥＮ","4266587234285119","08/27","804440605810"
"金子 雅則","かねこ まさのり",27,"1996年09月05日","男","A","kaneko_masanori@example.net","03-7823-4791","050-3730-1930","117-0436","東京都港区南青山3-5-305","株式会社源","5452552995817204","09/26","264726080620"
"藤川 勝美","ふじかわ まさみ",76,"1948年04月14日","男","A","masamifujikawa@example.co.jp","06-9143-8792","050-9688-0562","589-5128","大阪府摂津市千里丘3-5-6","","5337419142236285","07/25","235741187563"
"二宮 雅彦","にのみや まさひこ",67,"1957年03月17日","男","AB","masahiko_ninomiya@example.org","03-9832-2733","050-2989-3076","127-9532","東京都文京区小日向4-1-4","","4966139223115924","07/26","824790833891"
"西原 佐和子","にしはら さわこ",52,"1971年11月24日","女","A","nishiharasawako@example.jp","0798-40-5955","090-1183-4881","657-6699","兵庫県神戸市中央区下山手通4-1-6フラット101","株式会社ライフテック","371855680933916","08/24","444340464031"
"森田 孝浩","もりた たかひろ",41,"1982年09月22日","男","O","morita_takahiro@example.ne.jp","06-8130-2373","090-9280-6991","565-2163","大阪府大阪市西区立売堀3-4-16","有限会社スギヤマ","3583453104914346","04/25","149346114162"
"木村 ジュン","きむら じゅん",42,"1982年03月14日","男","A","kimura314@example.org","03-2602-4569","050-0975-3224","196-1782","東京都港区西麻布4-3-4","株式会社サンズ","3530965084817896","10/28","179651011124"
"佐々木 智美","ささき ともみ",37,"1986年10月09日","女","O","tomomisasaki@example.ne.jp","0184-78-3295","050-0065-6122","011-1668","秋田県秋田市大町4-3-3","合資会社丸伊製作所","4937236965089154","01/29","850451909499"
"三浦 望","みうら のぞみ",22,"2002年06月09日","女","AB","miura_69@example.org","03-7335-3145","070-9692-8534","183-0155","東京都文京区本駒込2-2-12","有限会社協栄","379488163374564","12/24","819871767474"
"上埜 純子","うえの じゅんこ",47,"1977年04月13日","女","A","ueno413@example.jp","0182-42-9251","050-8130-6441","011-3232","秋田県秋田市中通3-3-5シティライフ414","合名会社鈴信","378984470142539","04/27","055823653270"
"重松 洋志","しげまつ ひろし",33,"1990年09月24日","その他・不明","O","shigematsu924@example.org","0835-49-2219","050-4800-6632","745-8245","山口県宇部市亀浦3-1-7","有限会社ハイテック","3578697331876531","08/24","342691144320"
"小田 圭祐","おだ けいすけ",22,"2001年11月02日","男","A","oda112@example.jp","098-494-4650","050-7233-9611","905-3642","沖縄県沖縄市高原2-2-6","株式会社プラス・ワン","377155498703443","12/24","409163728953"
"屋宜 寛仁","やぎ ひろひと",49,"1974年12月26日","男","B","hirohitoyagi@example.net","03-3315-4684","090-2540-3272","134-4403","東京都渋谷区恵比寿4-3-8","株式会社武蔵","5341054026895791","11/27","132641798600"
"加藤 秀則","かとう ひでのり",43,"1981年07月19日","男","B","kato_719@example.net","098-605-1682","070-1680-0903","902-3780","沖縄県浦添市牧港4-2-3","合資会社バンコー","4139896869890241","06/25","756673904561"
"池田 健一","いけだ けんいち",70,"1954年04月09日","男","B","kenichiikeda@example.org","06-0666-9968","090-5681-9640","579-0597","大阪府大阪市中央区高麗橋3-5-14","","5182011161580465","09/27","575230317839"
"今井 夢子","いまい ゆめこ",62,"1962年04月20日","女","A","yumeko_imai@example.net","06-8763-6928","050-4236-6942","587-8546","大阪府大阪市東淀川区淡路3-2-8","","374887180429381","07/28","413455633012"
"関口 岳洋","せきぐち たけひろ",80,"1944年01月05日","男","A","sekiguchi_15@example.com","03-3206-5623","080-4807-0509","191-1272","東京都港区南青山1-2-10","","5514584301383635","04/28","815144726263"
"三須 友秀","みす ともひで",55,"1968年08月15日","その他・不明","B","misutomohide@example.com","03-1451-9558","050-0222-8979","182-9065","東京都港区虎ノ門2-2-5","有限会社プラネット","5147824583449521","01/26","704839339523"
"河辺 弥生","かわべ やよい",80,"1944年04月02日","その他・不明","AB","kawabeyayoi@example.org","0162-92-8691","050-2319-7523","082-7754","北海道札幌市白石区東札幌五条1-3-1206ハイデンス805","","372182622986756","04/25","211599492489"
"村下 元晴","むらした もとはる",39,"1985年06月27日","男","A","murashita_motoharu@example.ne.jp","0790-27-2240","050-4439-5291","671-7368","兵庫県神戸市東灘区西岡本2-5-3","有限会社サンシャイン","3573881506307820","06/28","636246064506"
"中川 康子","なかがわ やすこ",56,"1968年01月02日","女","O","yasuko_nakagawa@example.jp","06-2449-9524","090-6390-0032","542-9519","大阪府大阪市住吉区我孫子3-1-7ディーグランセ710","有限会社鈴木組","379636351661602","05/27","114424879385"
"古橋 祐二","ふるはし ゆうじ",68,"1956年06月25日","男","A","yuujifuruhashi@example.ne.jp","0567-81-2094","050-2797-4815","481-4400","愛知県名古屋市昭和区川名本町1-4-9","","5121972726536330","04/27","834435198595"
"峯岸 泰典","みねぎし やすのり",20,"2004年06月15日","男","A","yasunori_minegishi@example.co.jp","0573-79-9880","090-3885-6706","500-3358","岐阜県土岐市土岐口中町1-1-11","合資会社草間電機商会","5157474154413360","07/26","107189812590"
"金井 江里佳","かない えりか",71,"1952年10月16日","女","A","kanai_erika@example.net","06-0897-6551","070-4041-0544","587-5512","大阪府大阪市淀川区西中島3-3-4","","3528238811608382","03/25","711885498497"
"山本 邦男","やまもと くにお",47,"1977年03月15日","男","A","kunioyamamoto@example.net","03-3422-4159","050-5476-3726","206-2426","東京都東村山市野口町1-4-12","合名会社神楽園","3533789035687712","01/29","079803598814"
"徳重 憲一","とくしげ けんいち",52,"1972年02月26日","男","A","tokushige226@example.co.jp","0594-66-8624","070-9195-1510","510-1139","三重県四日市市松本4-1-4","株式会社高橋製作所","5126552321072892","10/27","273318089210"
"長澤 達朗","ながさわ たつろう",50,"1974年05月14日","男","AB","nagasawa_tatsurou@example.net","0586-34-2117","080-8555-0412","478-0904","愛知県名古屋市港区藤前4-1-6ロマネスク103","株式会社ミネルバ","373844974204802","03/25","087291695670"
"有田 雷太","ありた らいた",68,"1955年09月04日","男","O","arita_raita@example.jp","06-0486-6941","050-5540-6162","590-8994","大阪府大阪市東淀川区西淡路2-3-13","","4267586843265198","07/27","626324581711"
"高野 隆","たかの たかし",38,"1986年03月14日","男","O","takano_takashi@example.org","03-8159-7076","050-3091-5994","115-0630","東京都国立市東2-3-808","株式会社暁","5199046087635317","06/26","441266124623"
"岩永 ちか","いわなが ちか",53,"1970年08月08日","女","A","iwanagachika@example.jp","03-9281-4784","080-6724-4270","177-5306","東京都文京区本郷3-2-13","株式会社ジョイ","5210963020125971","08/27","854155436424"
"吉村 伸","よしむら しん",73,"1950年12月18日","男","A","yoshimura_1218@example.ne.jp","03-1180-5743","050-8078-0506","178-6638","東京都練馬区下石神井2-1-19","","3548567780026226","10/27","703234587251"
"梅田 裕晃","うめだ ひろあき",67,"1956年11月16日","男","O","umedahiroaki@example.ne.jp","0274-25-9478","070-0563-6203","371-0445","群馬県前橋市若宮町3-2-19","","370569506071899","08/28","391039796049"
"片桐 誠","かたぎり まこと",31,"1992年08月09日","男","O","katagirimakoto@example.jp","0259-30-8731","070-7154-5740","958-6511","新潟県柏崎市松波1-5-701パルコート316","株式会社イノベーション","4424217709921357","03/28","327632120400"
"秋田 麻貴","あきた まき",50,"1974年05月23日","女","O","akita_maki@example.net","03-9597-2441","090-8342-0698","130-7061","東京都中央区日本橋本町3-5-1206","合資会社仲田商事","4087730039592043","03/25","478908197760"
"新井 基","あらい もとい",28,"1996年04月05日","その他・不明","A","arai45@example.ne.jp","03-8167-4732","080-6828-4303","171-1942","東京都小平市天神町3-2-18コーポラス616","合名会社伊助物産","4316027457732786","01/26","512251684082"
"澄川 浩貴","すみかわ ひろたか",41,"1983年07月10日","男","O","hirotaka_sumikawa@example.ne.jp","03-8167-2544","050-1802-5697","208-8548","東京都東大和市向原3-5-602","丸山産業合資会社","3531796204903145","03/27","040936986520"
"川田 淳","かわた じゅん",72,"1951年11月09日","男","O","kawata_jun@example.ne.jp","0195-18-9119","070-7192-5200","027-0525","岩手県盛岡市みたけ3-5-1003アメニティ708","","5161735017543237","11/25","205037845583"
"松崎 千尋","まつざき ちひろ",38,"1985年08月09日","女","A","chihiromatsuzaki@example.org","03-3820-2236","080-2282-6896","101-7885","東京都立川市砂川町1-2-15","有限会社サン企画","3558524568677990","11/27","200798605231"
"斉藤 俊介","さいとう しゅんすけ",77,"1946年11月20日","男","AB","shunsukesaito@example.net","05769-5-3710","070-6212-0845","505-4699","岐阜県高山市桐生町2-1-10エルズ406","","377171010010332","04/28","392335518816"
"福田 大","ふくだ だい",46,"1978年07月14日","男","A","daifukuda@example.jp","03-7720-1857","070-4580-8441","202-8781","東京都千代田区麹町2-2-14","有限会社中村屋","5239977341800721","02/27","122944995453"
"西本 敦子","にしもと あつこ",42,"1981年11月13日","女","A","nishimoto_1113@example.net","0226-68-3075","090-4923-4845","988-5512","宮城県仙台市泉区鶴が丘2-3-9","有限会社小林製作所","5483073557370915","05/29","162179081199"
"野田 有","のだ ゆう",70,"1953年12月29日","男","O","yuu_noda@example.org","03-7877-3421","050-9992-0418","208-9613","東京都江戸川区東葛西3-2-7","","376554356576175","08/26","084044627964"
"増岡 彩","ますおか あや",69,"1954年10月18日","女","O","masuoka1018@example.co.jp","03-4868-9920","090-7078-6839","117-5483","東京都台東区東上野3-3-1207","","4075560775299816","02/25","898035023727"
"荒金 孝行","あらかね たかゆき",65,"1959年02月20日","男","B","arakane_220@example.com","06-8897-9746","050-3227-5232","585-5541","大阪府大阪市鶴見区今津南2-3-10ハイツ304","","4868214516680196","08/24","376262478025"
"今野 朋哉","こんの ともや",79,"1944年09月23日","男","A","tomoya_konno@example.jp","03-1669-3507","080-4519-2453","110-5258","東京都江戸川区北葛西4-3-3","","4564424164191928","04/27","162588154289"
"高木 沙代子","たかぎ さよこ",70,"1954年01月06日","女","B","sayokotakagi@example.co.jp","03-6624-5736","090-1789-6036","204-7855","東京都世田谷区弦巻3-5-8","","3572424552165148","12/27","200913725670"
"池永 達哉","いけなが たつや",68,"1955年09月29日","男","A","ikenaga929@example.com","01466-6-1085","090-7108-0702","093-4432","北海道札幌市西区西野六条4-3-7キューブ716","","378884714831154","07/26","774050365005"
"野口 あい","のぐち あい",43,"1980年09月15日","女","A","ainoguchi@example.net","06-2679-5237","080-8445-5230","571-2280","大阪府大阪市中央区本町3-2-5","株式会社あかつき","375302607299424","07/28","624206774820"
"松本 和輝","まつもと かずき",72,"1951年11月08日","男","A","matsumotokazuki@example.org","06-2574-2022","070-6564-4573","530-5765","大阪府大阪市浪速区日本橋3-4-7","","375901865637876","12/28","774490058112"
"森 雅彦","もり まさひこ",37,"1986年12月28日","男","AB","morimasahiko@example.org","0439-04-4515","070-9503-2788","274-6856","千葉県柏市柏2-1-22","株式会社アレス","3547716407460307","09/25","280256341690"
"小倉 素子","おぐら もとこ",59,"1965年02月18日","女","A","motoko_ogura@example.jp","06-5670-8657","080-5409-0264","577-9547","大阪府吹田市山田東1-5-15グレーシアス511","有限会社コーエイ","4363648987676771","01/25","004737459530"
"阿部 和哉","あべ かずや",44,"1980年01月07日","男","O","abe17@example.jp","06-3983-5820","050-7586-8767","542-9721","大阪府大東市灰塚2-2-102","合資会社雲出製菓舗","370884078853677","08/25","097992563102"
"神山 真哉","かみやま しんや",80,"1944年06月23日","男","B","shinyakamiyama@example.jp","06-9026-0982","080-7468-2609","547-6707","大阪府豊中市中桜塚2-4-10","","3531191724179113","06/28","794266536913"
"宮田 慎也","みやた しんや",55,"1968年11月05日","男","B","shinya_miyata@example.net","03-2506-4726","090-7150-0235","160-5548","東京都中央区八丁堀3-3-5","合同会社ジェービービージャパン","4701072007200168","06/28","310828130900"
"池田 慶","いけだ けい",74,"1950年04月21日","男","A","ikeda_kei@example.ne.jp","0986-64-0353","070-9815-6814","891-6468","鹿児島県鹿児島市西伊敷1-2-8ウォームスヴィル816","","4874688753986378","10/25","901619953484"
"小林 美彩","こばやし みさ",78,"1945年09月30日","女","AB","kobayashi_930@example.jp","0466-07-5782","090-6957-0834","245-1346","神奈川県川崎市幸区南加瀬1-2-9プラウドシティ207","","373476329611306","06/28","581248236801"
"高田 保志","たかだ やすし",78,"1945年09月28日","男","B","yasushi_takada@example.co.jp","03-4843-7246","090-1913-3240","205-4734","東京都江戸川区臨海町1-3-12","","5320194578263603","08/28","526514413730"
"渡部 正憲","わたなべ まさのり",54,"1970年06月16日","男","B","watanabemasanori@example.org","03-7331-9895","050-0085-2327","142-9986","東京都葛飾区青戸1-3-3デュアル406","株式会社新光","4165177970027115","07/25","115998139521"
"吉田 成人","よしだ なると",34,"1990年04月06日","男","A","yoshidanaruto@example.com","03-6571-3930","050-0182-7293","167-9413","東京都墨田区江東橋3-1-8","ヤマニ木材合資会社","373535761882152","02/27","926543168777"
"佐藤 佳久","さとう よしひさ",23,"2000年11月08日","男","A","yoshihisasato@example.org","06-2011-6435","070-8443-0561","577-1402","大阪府大阪市住之江区南港東4-3-9","合名会社青木商店","5592394390818912","12/26","561838752332"
"堀内 邦彦","ほりうち くにひこ",43,"1980年11月29日","男","B","horiuchi_kunihiko@example.ne.jp","03-7785-6685","080-2815-4468","188-2498","東京都練馬区石神井台2-2-9","有限会社大信","379873075572712","02/29","752142349282"
"仲村 大輔","なかむら だいすけ",26,"1997年11月16日","男","O","nakamura_1116@example.com","03-7623-3804","080-7084-2151","108-4451","東京都渋谷区恵比寿3-1-9サーパス407","株式会社フクダ","3587121641659015","10/24","442702598977"
"赤松 浩","あかまつ ひろし",29,"1995年02月23日","その他・不明","B","hiroshi_akamatsu@example.co.jp","048-335-1759","050-8064-8886","352-6321","埼玉県八潮市八潮3-1-301パークコート709","","3528881547441303","06/29","199019330681"
"板倉 雅彦","いたくら まさひこ",58,"1965年12月05日","男","A","itakuramasahiko@example.com","03-7036-3056","080-7744-1937","203-9850","東京都品川区東五反田3-3-8","株式会社クリア","373725786400466","10/27","273438109346"
"小川 亮","おがわ りょう",54,"1969年11月14日","男","A","ogawaryou@example.com","03-5636-8241","050-1066-3667","128-0479","東京都中央区日本橋本石町2-5-1203","有限会社第一商事","4842338174542637","09/27","071955910618"
"石塚 伊都子","いしづか いつこ",66,"1958年03月24日","女","A","ishizuka_324@example.ne.jp","0795-24-9652","070-0737-4191","673-7133","兵庫県伊丹市伊丹3-2-3","","5382380623490573","01/25","941081323169"
"三好 誠","みよし まこと",26,"1998年01月20日","男","A","makoto_miyoshi@example.com","03-5130-0312","050-6961-6016","194-2563","東京都杉並区西荻北4-2-4","有限会社ことぶき","377086246999092","03/28","828108230043"
"柴山 信太郎","しばやま しんたろう",41,"1983年02月15日","男","A","shibayama_215@example.net","0896-89-1684","090-9282-0901","792-0038","愛媛県松山市竹原3-3-7","有限会社松本製作所","3529737215989685","01/28","237446259547"
"天野 裕一","あまの ゆういち",25,"1999年06月02日","男","O","yuuichi_amano@example.com","06-2913-9030","070-6385-7542","542-5851","大阪府大阪市鶴見区鶴見1-3-15コーポラス801","","5494126362820545","03/26","369284775965"
"塩野 未紗","しおの みさ",36,"1988年03月01日","女","O","shiono31@example.com","03-3871-2885","050-2817-6352","127-2196","東京都文京区千駄木3-2-3メゾン316","有限会社アイエス","3577683334743960","01/27","907663841136"
"西前 健嗣","にしまえ けんじ",31,"1992年12月24日","男","B","kenji_nishimae@example.com","0223-67-9090","090-1803-2686","988-3821","宮城県仙台市泉区松陵1-5-1007","小林商事合資会社","5302937577380717","09/26","222181806578"
"平良 浩美","たいら ひろみ",31,"1992年12月28日","女","B","hiromitaira@example.org","0575-98-2218","070-5711-3993","501-8279","岐阜県岐阜市北鶉2-1-10","合同会社ｓｔｙｌｅｓ","3558169420645437","06/29","379536407617"
"加藤 雄作","かとう ゆうさく",52,"1971年12月25日","男","B","katoyuusaku@example.com","054-928-5969","090-8949-2125","429-3705","静岡県静岡市駿河区登呂1-3-10","合同会社アレキ","4388832933863102","08/26","926034950520"
"飯田 利佳","いいだ りか",77,"1946年10月22日","女","B","iidarika@example.co.jp","03-9278-1787","090-7112-6412","110-9584","東京都渋谷区代々木1-2-806ビューネ304","","3530218354532740","05/25","019500829993"
"柏木 道久","かしわぎ みちひさ",79,"1945年06月09日","男","B","kashiwagi_michihisa@example.org","03-4799-7706","080-4180-8653","196-7244","東京都大田区南馬込2-2-7クレアコート608","","3541841517674740","10/25","426955405266"
"玉井 美砂子","たまい みさこ",70,"1953年10月25日","女","AB","tamaimisako@example.jp","03-8280-7051","050-3970-2060","131-7283","東京都世田谷区池尻2-1-13","","3531221626028629","06/28","072735841263"
"武石 俊博","たけいし としひろ",55,"1968年08月12日","男","AB","toshihiro_takeishi@example.ne.jp","0868-69-2865","050-3762-1879","705-7672","岡山県赤磐市桜が丘西3-2-14","合資会社伊勢参宮社","5558201532412797","05/25","012835499136"
"及川 進","おいかわ すすむ",80,"1944年02月17日","男","A","susumu_oikawa@example.org","0139-74-6201","070-6790-9416","044-3500","北海道稚内市大黒2-3-1207","","4981457505491487","11/26","955130177379"
"木村 幸絵","きむら ゆきえ",33,"1990年10月27日","女","O","yukiekimura@example.co.jp","06-5222-5742","070-4586-4375","533-3876","大阪府大阪市淀川区加島1-1-1208シャリエ704","株式会社AXIS","3547671476709680","06/27","332747351905"
"中田 円香","なかた まどか",57,"1967年06月15日","女","O","madoka_nakata@example.jp","0157-10-7770","090-9331-3490","041-6513","北海道千歳市日の出3-3-5","有限会社フラップ","4588720279677434","02/25","579694334480"
"綿引 るみ子","わたひき るみこ",37,"1987年01月20日","女","O","rumikowatahiki@example.net","0795-04-4543","070-0969-2849","679-6217","兵庫県尼崎市大庄北3-2-8","株式会社グランツ","3563358968508197","05/26","761697640348"
"三木 里紗","みき りさ",70,"1954年05月20日","女","B","risa_miki@example.com","0827-95-9074","080-1559-1781","724-4023","広島県呉市広石内2-1-6","","4974908417590997","03/28","358087692240"
"能瀬 直子","のせ なおこ",77,"1947年07月26日","女","AB","naoko_nose@example.net","03-3306-4323","080-4541-3023","152-8512","東京都杉並区高円寺南1-4-5","","378085396648649","01/26","494965205120"
"坂井 優美","さかい ゆみ",66,"1957年09月26日","女","B","sakai926@example.ne.jp","0287-35-8834","080-3904-4384","327-0233","栃木県那須塩原市三島3-3-19","","5428636944462245","03/29","489957454940"
"新井 健志","あらい けんじ",41,"1982年12月23日","男","A","arai1223@example.com","03-3168-0200","070-0350-4845","160-0000","東京都足立区花畑2-2-18","株式会社オリオン","5307230416722058","10/26","821116637840"
"山田 淳","やまだ じゅん",26,"1998年04月03日","男","A","yamadajun@example.net","0283-29-8579","050-1148-3447","329-7252","栃木県さくら市卯の里1-1-4","有限会社朝日屋","5329776508325170","08/26","173885826603"
"植木 直樹","うえき なおき",50,"1973年09月05日","男","B","ueki95@example.org","03-2705-5777","070-1937-4723","100-9402","東京都渋谷区代々木4-1-3","株式会社ヤスダ","375150555125541","02/28","096519406125"
"大野 栄太","おおの えいた",73,"1950年10月14日","男","B","ono_1014@example.com","0565-83-0212","050-7044-0005","492-2034","愛知県名古屋市中区千代田2-1-14","","378717974300934","06/27","852436839410"
"加藤 卓也","かとう たくや",48,"1976年01月31日","男","A","kato_131@example.com","0226-57-4109","050-7991-1221","980-3534","宮城県仙台市若林区荒井2-1-1202","","5372717787602539","10/26","500162777079"
"笛田 卓矢","ふえだ たくや",56,"1968年01月23日","男","A","takuya_fueda@example.jp","01634-7-2124","090-6364-1975","066-7171","北海道北広島市大曲光1-3-7","合同会社ｂｒｉｄｇｅ","5256986587089772","04/25","514361108071"
"長井 千代","ながい ちよ",56,"1967年10月04日","女","A","chiyo_nagai@example.net","01634-2-2079","090-7924-0732","045-1933","北海道札幌市白石区東札幌二条3-5-9","株式会社エコテック","377720845148004","03/29","100003832745"
"西村 佐和子","にしむら さわこ",25,"1999年06月09日","女","O","sawakonishimura@example.ne.jp","0463-93-0164","070-8702-2335","239-6948","神奈川県横浜市鶴見区岸谷1-2-403","合同会社ＰｒｏｊｅｃｔＬＩＦＥ","370963546671174","05/26","625968776878"
"中村 悠","なかむら ひさし",25,"1998年09月06日","男","A","nakamurahisashi@example.net","03-4527-3910","070-3490-0841","172-5912","東京都世田谷区用賀3-3-22サンフォーレ310","合名会社澤井嘉蔵商店","5459610193539955","06/27","124857932472"
"千葉 裕治","ちば ゆうじ",55,"1968年09月22日","男","AB","chibayuuji@example.com","0947-89-5939","050-6483-6104","805-2103","福岡県福岡市東区香椎台3-3-5","株式会社クリスタル","4286437885121690","05/25","475521998049"
"割田 恵美","わりた えみ",70,"1953年09月03日","女","O","waritaemi@example.com","03-0681-0107","050-1143-5650","168-6467","東京都中央区銀座2-4-906ビューハイツ110","","4256365351242169","01/29","249229712541"
"鶴田 雄介","つるた ゆうすけ",34,"1990年02月28日","男","AB","yuusuketsuruta@example.org","03-6389-9625","080-3539-4362","144-6586","東京都葛飾区堀切2-2-1203","合同会社あか楽","4214686681507984","10/25","760871958550"
"小玉 京子","こだま きょうこ",71,"1952年11月28日","女","B","kodama_1128@example.co.jp","0790-99-3225","090-2648-9864","666-7460","兵庫県神戸市西区美賀多台2-2-7","","5403490624763772","01/29","782258276513"
"水野 佑実","みずの ゆみ",34,"1990年04月30日","女","A","yumimizuno@example.co.jp","0460-18-4487","070-3370-6426","236-8131","神奈川県藤沢市辻堂元町2-3-4","株式会社さくらコーポレーション","5447322693103127","10/24","291170300020"
"飯泉 宏紀","いいずみ こうき",22,"2001年08月03日","男","A","iizumikoki@example.co.jp","06-1982-6498","070-9595-7803","590-5069","大阪府大東市野崎2-4-15","スマイルホーム有限会社","5403713289305229","09/26","759795755698"
"中島 秀行","なかじま ひでゆき",66,"1958年02月04日","男","A","nakajima24@example.co.jp","03-7761-0354","090-3778-6944","171-8626","東京都東久留米市本町3-5-402","","378629567112297","09/28","329294438620"
"岡野 隼人","おかの はやと",36,"1988年07月02日","男","A","hayato_okano@example.co.jp","0980-32-6593","050-1036-2244","903-7484","沖縄県那覇市おもろまち1-1-22サニーハウス710","株式会社Kプランニング","5515745448556529","02/28","206236315476"
"高木 健太","たかぎ けんた",48,"1976年05月15日","男","A","kentatakagi@example.net","03-8419-9716","080-1545-6488","157-5690","東京都台東区台東2-4-5","合資会社アルバトロス","4705957999532337","03/28","661815522270"
"岩野 秀紀","いわの ひでき",78,"1946年06月06日","男","A","iwano66@example.jp","0153-18-2309","080-7360-6858","088-7209","北海道函館市桔梗1-1-4","","3547504221855328","07/25","085385057526"
"北原 加奈子","きたはら かなこ",20,"2003年09月07日","女","A","kitaharakanako@example.jp","03-7744-9302","080-4692-1236","135-8057","東京都渋谷区神宮前1-1-7","株式会社小林商店","378637864955110","01/25","965293933591"
"中野 明里","なかの あかり",44,"1979年11月24日","女","O","nakano_1124@example.jp","053-447-2022","050-7302-2742","427-1808","静岡県島田市向谷1-1-3","合資会社グローバルカンパニー","3573317271813809","08/26","224621364893"
"西尾 孝次","にしお たかつぐ",56,"1967年12月25日","男","A","takatsugunishio@example.org","03-0133-2618","080-4412-7228","205-1780","東京都文京区本郷2-4-18","船上バーベキュー合同会社","5578343758586908","03/29","269353520473"
"田代 聡","たしろ あきら",63,"1960年10月17日","男","A","akiratashiro@example.com","05769-8-6571","080-3255-0248","506-0753","岐阜県大垣市上面2-1-10","","373378673566880","05/27","696714595673"
"石田 久美","いしだ くみ",56,"1968年04月09日","女","AB","kumi_ishida@example.net","03-0162-5875","070-4208-5127","191-8894","東京都杉並区今川2-3-15","株式会社あすか","4505961782661396","03/26","494131745454"
"勅使川原 玄一","てしがわら げんいち",50,"1973年08月22日","男","B","genichiteshigawara@example.org","06-4199-7837","070-4359-9233","548-4078","大阪府大阪市西成区南津守1-1-7ディオレ509","株式会社タカヤマ","5172505365430643","09/25","827192877476"
"島 悠香","しま ゆか",59,"1965年03月24日","女","O","shima324@example.com","06-1918-6036","090-3086-5000","579-2961","大阪府枚方市茄子作1-3-7","合名会社世古製網工業所","5366901714004427","03/26","076434995481"
"中村 猛","なかむら もう",36,"1988年04月13日","男","A","mou_nakamura@example.co.jp","03-7532-7911","080-9174-2410","133-5660","東京都港区芝浦1-1-3","","4154312241893937","12/28","965569585355"
"伊藤 真俊","いとう まさとし",67,"1956年12月28日","男","B","ito_masatoshi@example.com","0494-15-1572","080-7726-6399","365-5275","埼玉県川口市南鳩ヶ谷1-4-605","","4693357188546608","07/28","293727667331"
"金井 希","かない のぞみ",39,"1985年01月30日","女","A","nozomi_kanai@example.jp","0847-98-1598","080-5011-6160","731-7698","広島県安芸郡坂町平成ヶ浜1-1-8","株式会社原田","373290528086123","10/25","147903426390"
"押山 浩二","おしやま こうじ",37,"1987年02月02日","男","A","koji_oshiyama@example.co.jp","0883-77-0986","080-0798-0434","776-3231","徳島県徳島市庄町2-2-18","合資会社別府商店","378483391254275","09/24","585460770570"
"大滝 彰","おおたき あきら",80,"1944年01月17日","その他・不明","O","otaki_akira@example.org","0567-93-1278","090-4416-4308","495-8271","愛知県名古屋市天白区一つ山1-5-21ネオグランデ612","","3541004535249645","04/28","412527959019"
"西本 たけし","にしもと たけし",62,"1961年10月24日","男","A","nishimoto1024@example.jp","06-8395-1323","080-4093-3433","558-1424","大阪府大阪市中央区上本町西1-2-10","","5435837459987490","01/28","743364528852"
"濱島 浩史","はましま ひろし",37,"1987年04月16日","男","A","hamashima416@example.co.jp","0564-03-3482","050-6550-9400","453-9773","愛知県知多市巽が丘2-5-11","有限会社トーワ","4868865402746886","12/27","504163313675"
"藤田 麻美","ふじた あさみ",77,"1947年06月07日","女","O","fujita_asami@example.jp","0575-17-1807","070-0859-7275","505-5211","岐阜県岐阜市水海道1-3-4","","5291542969601382","12/24","497038496745"
"副島 晴香","そえじま はるか",65,"1958年09月02日","女","A","haruka_soejima@example.net","06-9391-2374","070-9196-2147","599-8467","大阪府大阪市生野区桃谷2-1-7プラウド705","","379265861262022","03/29","902152473137"
"吉川 かおる","よしかわ かおる",50,"1974年03月23日","女","O","yoshikawa_323@example.org","0836-68-0729","050-1813-5624","752-9459","山口県柳井市南浜1-3-8","サムシングコーポレーション有限会社","5524995998440710","06/25","527957820121"
"後藤 博子","ごとう ひろこ",60,"1963年11月10日","女","O","hiroko_goto@example.org","01587-1-8344","090-1950-0482","069-7671","北海道滝川市中島町2-2-708","有限会社秋山商店","3578655925404466","05/28","954751290580"
"多田 勇","ただ ゆう",42,"1981年12月28日","男","O","tada1228@example.co.jp","0241-40-6665","050-0783-1313","976-2726","福島県南相馬市原町区旭町1-5-405","有限会社サンクリエイト","5380944303387730","12/26","230528924790"
"堤 晴生","つつみ はるき",65,"1958年10月16日","男","B","haruki_tsutsumi@example.jp","0833-86-2522","050-6958-6546","757-4610","山口県下関市彦島西山町2-2-6パラッシオ116","","3552240635159757","11/27","431193554629"
"佐藤 直彦","さとう なおひこ",46,"1978年07月11日","男","O","sato_711@example.ne.jp","03-9503-4891","090-4608-3581","170-0609","東京都練馬区田柄2-2-301","カスミ精工有限会社","4372845125457010","08/27","837317009990"
"藤原 翔","ふじわら しょう",29,"1994年11月09日","男","O","fujiwara_shou@example.net","0561-64-9159","050-9231-1766","488-2954","愛知県刈谷市寺横町3-3-5","","3571621216700597","07/27","173089864358"
"大塚 治","おおつか おさむ",57,"1967年07月01日","男","A","otsuka71@example.jp","0566-57-2091","070-4445-6408","447-9099","愛知県春日井市如意申町4-1-10","株式会社アクト","371255617223426","08/28","975343932694"
"小石川 和浩","こいしかわ かずひろ",25,"1999年04月24日","男","A","koishikawa_kazuhiro@example.org","0228-48-9656","070-4253-1995","983-6051","宮城県仙台市青葉区中央1-3-703","","4427144106810552","01/28","367423373505"
"田中 良子","たなか よしこ",64,"1960年06月29日","女","B","tanaka_yoshiko@example.ne.jp","03-0474-4026","090-7387-1899","200-1486","東京都中央区日本橋本町1-1-10","","371939225599745","07/25","319231078777"
"長友 のぞみ","ながとも のぞみ",60,"1964年02月28日","女","B","nagatomo_nozomi@example.ne.jp","0438-73-0300","050-1833-4085","274-5782","千葉県船橋市高野台4-3-3サーパス815","有限会社小松屋","376412933478953","08/24","468472200315"
"秋山 一浩","あきやま かずひろ",38,"1986年06月17日","男","O","kazuhiroakiyama@example.jp","06-7440-7210","050-9436-0965","549-5389","大阪府守口市梶町2-3-3プチ603","","3585937106333446","03/25","074908438837"
"畔柳 ひろみ","くろやなぎ ひろみ",34,"1990年07月30日","女","B","kuroyanagi_730@example.ne.jp","0467-21-8744","050-7990-9606","213-8917","神奈川県小田原市城山3-5-803グランパラッシオ508","合名会社増屋商店","3580805562387633","02/28","473284342424"
"西尾 裕太","にしお ゆうた",55,"1969年07月15日","男","O","nishio715@example.ne.jp","03-9387-2304","070-4485-4508","195-4942","東京都港区六本木4-3-3","株式会社ヤマザキ","5139375681584636","06/29","292764285973"
"勝山 陽一郎","かつやま よういちろう",28,"1995年12月24日","男","B","youichiroukatsuyama@example.org","03-6757-4006","080-1155-8968","179-6328","東京都港区虎ノ門3-3-7","有限会社サクセス","372624908942003","07/25","429479057393"
"谷口 亜裕美","たにぐち あゆみ",25,"1998年10月07日","女","A","taniguchiayumi@example.ne.jp","03-9226-6623","080-5987-6264","106-6751","東京都新宿区西落合2-5-403","有限会社清水商会","3559619972337774","02/28","503506142786"
"前田 裕美","まえだ ゆみ",46,"1977年11月12日","女","O","maedayumi@example.jp","03-5887-4028","090-2670-2959","179-1794","東京都江東区大島3-1-704","合名会社六合商会","3579825095354309","07/28","543840152174"
"高橋 志織","たかはし しおり",32,"1991年10月24日","女","O","takahashi_shiori@example.co.jp","06-0711-7476","070-8188-7667","560-7905","大阪府大阪市西区南堀江2-4-18","合名会社丸治皮革工業所","5300411894783583","06/26","429164447509"
"藤原 篤","ふじわら あつし",67,"1957年06月30日","男","A","atsushifujiwara@example.net","0289-62-4859","050-7410-9743","325-9336","栃木県下野市医大前1-3-12ローレルコート208","","5565334440767506","12/26","848914467593"
"能戸 一成","のと いっせい",38,"1985年10月09日","男","A","noto_109@example.co.jp","0293-05-1355","050-2337-0367","305-0743","茨城県石岡市国府1-5-15ダイナシティ816","富士産業株式会社","4962328935923873","01/25","470939221910"
"近藤 真理子","こんどう まりこ",29,"1994年11月29日","女","O","mariko_kondou@example.org","03-9899-9649","090-3003-7864","165-4164","東京都中央区日本橋本石町3-4-4","有限会社大塚工業","377286903753523","08/28","455085912981"
"児玉 雅己","こだま まさき",39,"1985年01月16日","男","B","kodama_masaki@example.ne.jp","03-0682-0928","090-0720-8994","178-2819","東京都中央区銀座3-1-8クレアガーデン510","有限会社ネクスト","4207182663055654","11/28","741620157694"
"岡田 宏樹","おかだ ひろき",64,"1960年06月14日","男","A","hirokiokada@example.jp","03-1922-7398","080-1190-9908","101-6495","東京都北区浮間4-1-4","","4971244046224532","11/26","867665132114"
"山本 敦","やまもと あつし",38,"1986年03月08日","男","A","yamamotoatsushi@example.ne.jp","0463-97-2210","090-8397-3448","256-9076","神奈川県大和市柳橋3-4-902","有限会社栄進","5314056304872403","01/27","685036672946"
"石倉 浩子","いしくら ひろこ",71,"1952年12月29日","その他・不明","B","hiroko_ishikura@example.com","0238-20-7611","090-0567-9835","995-6341","山形県米沢市城西3-5-1201","","378127422984398","03/27","433093924618"
"中田 知子","なかた ともこ",59,"1965年03月14日","女","A","nakata_314@example.co.jp","06-0627-6433","070-3364-9713","562-3704","大阪府大阪市淀川区東三国2-1-15","株式会社YSK","374937813419745","03/26","722101357460"
"立川 善康","たちかわ よしやす",37,"1986年11月08日","その他・不明","A","tachikawa118@example.com","03-2458-0326","080-7839-9933","112-2966","東京都渋谷区神宮前4-3-7","株式会社タクミ","379800615014228","09/28","640461328040"
"柳川 博行","やながわ ひろゆき",47,"1976年12月07日","男","O","yanagawa127@example.com","0567-76-0700","080-2477-6495","459-1890","愛知県名古屋市名東区梅森坂2-3-8","株式会社オービット","378100958481014","08/25","398300315775"
"川原 徹","かわはら とおる",64,"1959年09月10日","男","AB","kawahara_tooru@example.net","03-8305-6389","050-2294-5416","201-3001","東京都江戸川区南篠崎町2-4-8ハイネス402","","4088663059401564","01/26","527031196696"
"大西 恵","おおにし めぐみ",78,"1946年05月25日","女","O","megumi_onishi@example.jp","0467-36-8029","080-0198-3987","211-6692","神奈川県川崎市川崎区小田2-1-6","","379893941411432","05/27","945426076491"
"土橋 孝","どばし たかし",32,"1991年09月18日","男","A","dobashi_918@example.com","03-3470-2100","070-1406-2142","180-4605","東京都板橋区成増3-3-21ニチモグリーンタウン410","合名会社韓国民団会館","3531910745098873","04/26","035400030616"
"西巻 健太","にしまき けんた",66,"1957年09月02日","男","B","nishimaki92@example.com","03-3759-9413","050-6621-8894","154-5604","東京都足立区西新井3-2-7","","3553271126583907","12/27","324854356062"
"麓 佳子","ふもと よしこ",52,"1972年06月05日","女","A","fumoto65@example.jp","0439-56-6713","080-6280-5249","296-7911","千葉県市川市相之川3-3-3","株式会社ヤマテック","3587259379482257","02/29","372006859059"
"大田 由美","おおた ゆみ",25,"1998年08月21日","女","B","yumi_ota@example.com","03-1965-9426","090-6880-4392","192-9885","東京都新宿区高田馬場3-2-10","有限会社アポロ","379142631870899","08/24","771751439608"
"蔵田 洋平","くらた ようへい",41,"1982年11月04日","男","O","kuratayouhei@example.jp","06-9174-6572","090-0838-8182","590-9205","大阪府大阪市鶴見区安田1-3-7","株式会社いろは","372004270904164","07/26","737750247540"
"白井 健太郎","しらい けんたろう",39,"1985年06月21日","男","O","shirai621@example.net","03-8417-6596","070-5521-3612","127-1276","東京都品川区北品川2-4-502","有限会社フェイス","378985134871850","05/28","874874989940"
"深見 みどり","ふかみ みどり",70,"1953年12月29日","女","A","fukami_1229@example.org","03-3711-5509","050-6606-1084","156-8114","東京都港区南青山3-2-704","","4756187062963320","03/26","096705067586"
"藤井 隆司","ふじい りゅうじ",64,"1960年07月14日","男","AB","fujiiryuuji@example.jp","03-1386-1194","070-8244-6829","132-8402","東京都世田谷区南烏山1-1-7","","5234475770102722","09/27","769357370754"
"磯崎 留美","いそざき るみ",54,"1969年10月17日","女","A","isozaki1017@example.org","09802-3-7141","050-1184-7254","901-3449","沖縄県沖縄市安慶田2-1-804","株式会社プラス・ワン","4436244095968681","10/25","965008018230"
"田井中 桃子","たいなか ももこ",43,"1980年08月06日","女","AB","tainaka_86@example.net","06-7376-8357","090-4914-7093","540-4838","大阪府大阪市平野区長吉長原3-3-6","有限会社アンジュ","5492553441419621","08/25","751018183990"
"三浦 龍太郎","みうら りゅうたろう",49,"1974年10月16日","男","A","ryuutarou_miura@example.jp","059-154-1248","070-5958-5467","515-2197","三重県鈴鹿市白子3-2-9","有限会社マインド","4534765275376239","06/26","994781238231"
"高岡 正俊","たかおか まさとし",63,"1960年09月21日","男","AB","takaoka921@example.org","03-0254-7497","070-4489-6181","184-1398","東京都江戸川区篠崎町1-2-5","","373267005929538","12/28","936808427678"
"松尾 信恵","まつお のぶえ",22,"2001年09月18日","女","B","matsuonobue@example.co.jp","0438-18-7396","070-1412-1574","269-1255","千葉県千葉市緑区あすみが丘1-4-11","アーク株式会社","375810139773286","02/27","166627666069"
"寺嶋 智之","てらしま ともゆき",68,"1956年02月23日","男","B","terashima223@example.ne.jp","03-9391-5982","050-4493-6069","184-1392","東京都中央区銀座2-4-906プラザ109","","373111808358059","06/25","968222552596"
"池田 寛也","いけだ ひろや",28,"1996年07月02日","男","A","ikeda_hiroya@example.com","048-872-0633","070-7439-2375","335-9402","埼玉県入間市小谷田1-1-602","株式会社中川","5135535970580215","11/26","036627775436"
"蒲生 尚","がもう なお",67,"1957年06月30日","男","O","gamou_nao@example.org","0155-76-8098","080-3912-5952","094-9260","北海道札幌市中央区南六条西3-4-807","","4424119171717828","06/28","161139436028"
"星野 伸吾","ほしの しんご",40,"1984年04月08日","男","B","hoshino_shingo@example.co.jp","03-6924-5992","090-0932-6182","158-4607","東京都練馬区大泉学園町2-3-10","有限会社ビクトリー","5211939644500806","07/27","327343171934"
"村上 英一","むらかみ えいいち",78,"1945年12月17日","男","B","murakami1217@example.co.jp","0254-97-6760","080-3477-0596","941-4237","新潟県長岡市中沢1-5-7","","4952178632883751","10/28","624192150977"
"島本 智美","しまもと ともみ",59,"1965年01月03日","女","B","shimamoto_13@example.ne.jp","03-0258-3320","090-6970-8640","146-7441","東京都足立区伊興3-3-5","有限会社ヤマモト","372665510096308","06/28","225907103635"
"比留間 治","ひるま おさむ",79,"1944年10月31日","男","O","hirumaosamu@example.com","0123-25-7585","050-3898-1450","094-2865","北海道札幌市中央区南五条西1-3-5","","372549518954108","12/25","439600881975"
"小峰 大樹","こみね たいき",54,"1969年08月20日","男","A","taikikomine@example.jp","0493-46-2758","070-3764-9288","333-1946","埼玉県坂戸市千代田3-4-8サンシャイン101","株式会社ヒロ・コーポレーション","5389228947474232","12/24","490637441601"
"功刀 麻奈美","くぬぎ まなみ",55,"1969年02月21日","女","O","kunugimanami@example.org","0173-77-7561","090-3753-2102","032-8177","青森県三戸郡階上町蒼前東3-2-4","株式会社SKC","3541652421147552","06/26","726238995770"
"稲葉 純一","いなば じゅんいち",22,"2001年10月22日","男","A","inabajunichi@example.com","0551-23-2082","080-6792-8324","401-9683","山梨県甲府市中央1-2-6","有限会社オクムラ","3532412013519374","11/26","509503804522"
"大和 康二","やまと こうじ",48,"1975年11月15日","男","A","yamatokoji@example.ne.jp","03-9765-9845","050-3492-3615","144-2610","東京都調布市富士見町2-3-11","有限会社ネクスト","5275406544154830","11/26","050955220983"
"阿部 将司","あべ しょうじ",38,"1985年08月21日","男","AB","shouji_abe@example.org","03-8489-8569","050-4915-4012","136-0942","東京都台東区千束2-1-16パークプラザ408","株式会社コンパス","5488921345081787","11/27","539125003024"
"宇田 未希","うだ みき",31,"1993年01月15日","女","A","uda115@example.ne.jp","03-8870-6036","090-6934-7058","201-5344","東京都世田谷区上野毛1-3-16","有限会社中村製作所","5458469126293870","08/24","128817850746"
"杉田 里香","すぎた りか",64,"1960年02月18日","女","O","sugita_rika@example.org","046-376-5070","080-7282-8419","228-0299","神奈川県藤沢市鵠沼神明3-3-3","","4343273584612973","04/25","689722971416"
"金城 嘉奈子","きんじょう かなこ",45,"1979年03月18日","女","B","kanakokinjou@example.jp","03-0105-1549","050-3341-0183","182-0508","東京都千代田区九段南2-4-909","株式会社高橋工業","4005563926870415","02/26","837444317288"
"川北 浩史","かわきた ひろし",64,"1960年03月14日","男","AB","hiroshi_kawakita@example.co.jp","0930-96-9211","090-4008-2233","804-9187","福岡県北九州市小倉北区魚町1-5-5","","3585628100961825","02/28","015736816536"
"荒井 栄","あらい さかえ",36,"1987年12月02日","男","A","arai_122@example.net","043-857-3493","070-7833-4986","297-8456","千葉県習志野市藤崎1-4-3","合同会社佐和屋","4826611885260438","07/25","538287899890"
"鈴木 正恵","すずき まさえ",68,"1955年09月03日","女","A","masae_suzuki@example.co.jp","03-7887-3008","070-1427-0009","143-2351","東京都文京区白山3-1-9","","3551161654275434","10/26","148062304801"
"岩崎 奈穂子","いわさき なほこ",72,"1952年07月15日","女","B","iwasakinahoko@example.ne.jp","0930-31-9619","090-9583-4325","800-1685","福岡県古賀市天神1-3-16","","5141424552870298","03/29","897193764550"
"増田 貴大","ますだ たかひろ",59,"1965年05月22日","男","A","masuda522@example.net","0943-97-8986","080-6216-7474","833-0893","福岡県福岡市南区大橋1-5-1001","株式会社ビクトリー","3537930248084166","04/27","992719197143"
"平井 昭人","ひらい あきひと",28,"1996年07月03日","男","B","akihito_hirai@example.com","0946-17-6405","090-5976-1722","807-7665","福岡県古賀市舞の里3-2-12","筑波合資会社","378585418450114","03/27","806049972797"
"緒方 真里奈","おがた まりな",64,"1960年02月12日","女","O","marina_ogata@example.co.jp","03-4786-1831","080-9312-6436","201-9590","東京都立川市柏町3-2-507","","4062721113276263","10/24","803024257350"
"西川 真奈","にしかわ まな",60,"1964年06月15日","女","A","nishikawa615@example.ne.jp","0478-19-5356","090-4662-4652","292-2077","千葉県習志野市藤崎1-4-3","株式会社タイキ","5424497253010107","06/27","591369316123"
"横田 あずさ","よこた あずさ",50,"1974年06月14日","女","A","yokota_614@example.com","0479-16-1403","080-7207-8678","289-5902","千葉県船橋市西船2-5-16","有限会社スタッフ","4360456046788345","04/26","885513102536"
"麻生 幸弘","あそう ゆきひろ",44,"1980年06月16日","男","B","aso_yukihiro@example.ne.jp","03-0390-4194","070-7515-7354","141-4952","東京都足立区鹿浜2-5-12","","4028771091890828","02/28","172412407429"
"高村 茉美","たかむら まみ",29,"1994年09月17日","女","B","mamitakamura@example.com","06-7641-3464","090-3778-5773","551-5699","大阪府大阪市生野区新今里4-1-10","青木酒店合資会社","376727279264349","06/27","634562195130"
"高田 収","たかだ おさむ",33,"1991年03月01日","男","A","takada31@example.net","03-7544-4790","090-4937-2530","162-5001","東京都八王子市台町3-2-6","旭産業株式会社","4619411065728044","11/25","184447916200"
"荻田 友彦","おぎた ともひこ",24,"2000年07月01日","男","A","ogitatomohiko@example.net","097-545-2995","080-5013-0563","877-8089","大分県大分市横尾東町4-3-8","有限会社丸正","376787496252436","08/27","645410662621"
"山川 直之","やまかわ ただゆき",20,"2003年10月22日","男","O","tadayukiyamakawa@example.jp","0494-91-7364","080-6196-2807","363-6420","埼玉県川口市東領家3-2-7","","3561308793491038","11/27","761072061790"
"五十嵐 かな","いがらし かな",39,"1985年03月19日","女","A","igarashi_kana@example.org","0136-64-5295","050-8301-2071","053-2745","北海道札幌市厚別区青葉町1-2-13","有限会社山口建設","3570577945683549","07/26","299821382101"
"松尾 秀樹","まつお ひでき",78,"1945年08月31日","男","B","matsuo_831@example.org","0269-46-0414","090-1443-2458","395-1458","長野県長野市上松1-5-10","","373595100404381","12/26","288579920665"
"山崎 さやか","やまざき さやか",23,"2001年03月28日","女","B","sayaka_yamazaki@example.jp","0124-77-6187","080-1655-3268","092-8648","北海道札幌市豊平区平岸四条2-1-3","株式会社エムズコーポレーション","376264029776604","10/27","464101678888"
"長井 美香","ながい みか",49,"1975年01月02日","女","AB","mika_nagai@example.co.jp","03-7769-8261","050-7724-5411","138-2217","東京都武蔵野市吉祥寺北町3-1-4","株式会社小林建設","4812607164994289","06/29","063398443014"
"山元 真由","やまもと まゆき",53,"1970年09月10日","女","B","mayukiyamamoto@example.jp","0531-37-1900","080-0165-9826","484-8891","愛知県名古屋市天白区植田山1-3-5","合名会社新光館","3552175033071578","02/26","256822118865"
"石川 敬","いしかわ たかし",54,"1969年09月21日","男","A","takashiishikawa@example.net","06-4696-7141","070-8927-1859","598-2978","大阪府大阪市天王寺区大道4-3-8","有限会社グランディール","5560581595625948","12/24","620822967220"
"大西 健人","おおにし けんと",36,"1988年07月04日","男","O","onishi74@example.net","046-670-7285","080-5562-1091","251-3261","神奈川県綾瀬市上土棚中1-4-904","有限会社やまもと","5556529917497203","04/29","725839466395"
"西 裕明","にし ひろあき",24,"1999年10月31日","男","A","hiroakinishi@example.ne.jp","0267-33-3363","090-0485-4923","389-4416","長野県松本市中央4-1-10","有限会社伊藤建設","4130487670447527","04/25","924669701281"
"細渕 涼子","ほそぶち りょうこ",74,"1950年07月01日","女","O","hosobuchi_71@example.jp","06-3740-4238","050-9854-9752","531-6868","大阪府富田林市寺池台3-3-7","","5540157939927798","01/27","036305674618"
"小川 大輔","おがわ だいすけ",77,"1946年08月14日","その他・不明","A","ogawa_daisuke@example.co.jp","06-7025-5623","080-3155-1340","596-9495","大阪府大阪市中央区久太郎町1-3-6","","5377457695102034","09/24","094339466798"
"広瀬 雅寿","ひろせ まさとし",31,"1993年05月15日","男","B","hirose_515@example.ne.jp","03-8032-2907","090-0057-4098","111-1332","東京都葛飾区柴又3-1-6","株式会社アスカ","5198552337574512","01/26","683840535134"
"石田 善隆","いしだ よしたか",42,"1982年06月30日","男","A","yoshitaka_ishida@example.org","0476-39-9805","090-3176-9641","271-2105","千葉県市川市北方町3-2-19","株式会社プレシャス","379197899889999","04/29","603462948723"
"松井 竜","まつい たつ",67,"1957年07月08日","その他・不明","A","matsui_78@example.ne.jp","0565-29-2172","050-4093-9154","455-5373","愛知県名古屋市東区矢田3-4-13ゾフィー703","","376955341773415","09/24","422312353530"
"野口 慎一","のぐち しんいち",24,"2000年03月14日","男","B","shinichinoguchi@example.ne.jp","03-8070-4615","070-0078-0587","151-2331","東京都中央区築地2-2-22","株式会社グローブ","4186982172265727","01/25","400584564600"
"土井 孟","どい はじめ",51,"1973年07月20日","男","B","doi_hajime@example.jp","06-9621-0398","050-1335-7075","557-1097","大阪府大阪市中央区高麗橋2-2-103","株式会社アスリード","4033563598502607","03/28","761775070340"
"久保田 和久","くぼた かずひさ",33,"1990年12月23日","男","AB","kubotakazuhisa@example.ne.jp","03-2128-7819","070-4477-8512","174-7787","東京都港区虎ノ門3-5-1101","株式会社コア","4114957495928075","02/25","754784825471"
"小西 かおり","こにし かおり",41,"1983年03月06日","女","O","konishi_36@example.jp","06-7948-5093","050-8926-3887","535-5098","大阪府大阪市淀川区西中島1-2-102","竹村自轉車販賣合資会社","4073380834962219","04/29","735761308645"
"梅澤 ともか","うめざわ ともか",26,"1998年05月29日","女","B","tomokaumezawa@example.com","084-394-0681","080-0014-9482","730-9788","広島県広島市安佐南区長束1-2-9","株式会社マハロ","4315581964038302","12/28","522902294518"
"山本 孝弘","やまもと たかひろ",70,"1954年02月15日","男","A","takahiroyamamoto@example.org","03-9372-9801","090-4283-8962","146-4013","東京都港区芝浦3-3-1203","","4685435982340988","03/27","669943160209"
"泉 美帆","いずみ みほ",51,"1973年06月26日","女","A","izumi_626@example.com","0296-65-5488","070-4247-3532","313-1012","茨城県日立市川尻町3-2-106","株式会社山田製作所","370722553885477","03/29","684417667632"
"藤本 洋一","ふじもと よういち",60,"1963年08月10日","男","A","fujimotoyouichi@example.jp","06-9795-0761","050-9049-4284","551-0265","大阪府大阪市淀川区西中島2-2-6","合同会社スズメエンタープライズ","3572652492970694","05/28","685318325459"
"古野 広和","ふるの ひろかず",57,"1966年11月14日","男","AB","furunohirokazu@example.com","03-1272-2954","050-5649-7069","183-7045","東京都世田谷区等々力1-2-12ペルル604","有限会社ホクト","374654880439080","11/28","336743159150"
"浅野 素子","あさの もとこ",76,"1948年06月14日","女","A","asano614@example.com","03-4822-6499","090-8299-7984","108-5731","東京都台東区蔵前2-2-9","","4122073050457326","11/25","185618647625"
"大高 雅世","おおたか まさよ",41,"1983年05月06日","女","O","masayo_otaka@example.org","03-7047-9046","050-7083-0273","121-3956","東京都品川区上大崎1-1-10","株式会社アウル","372084369025345","07/25","810974091528"
"藤田 保子","ふじた やすこ",76,"1948年07月27日","女","B","fujita_727@example.jp","03-5845-6738","080-7892-4573","160-6878","東京都墨田区緑1-3-4","","4688013468754209","11/25","144963079534"
"野村 ゆり","のむら ゆり",31,"1992年08月31日","女","O","yuri_nomura@example.co.jp","03-6669-9763","050-6020-0880","187-5843","東京都中野区東中野4-3-8プラネ709","株式会社ジェネシス","378694439645536","11/26","814991632848"
"岡元 修司","おかもと しゅうじ",50,"1974年02月27日","男","B","okamoto227@example.ne.jp","044-637-9638","080-5897-3448","245-2150","神奈川県藤沢市城南1-4-609ブリッジコート601","有限会社山田製作所","3543697170853643","07/27","950865387049"
"鶴見 美代","つるみ みよ",54,"1970年04月22日","女","A","tsurumi_miyo@example.ne.jp","03-0130-8243","050-9591-9547","138-4269","東京都東村山市萩山町3-2-14","合名会社新光商事","4540630682483022","05/27","320402565467"
"中野 学","なかの まなぶ",21,"2002年08月10日","男","O","nakano_manabu@example.org","0587-49-6686","050-4583-5104","460-3387","愛知県知多市つつじが丘4-3-6","有限会社サポート","371803586056713","11/26","116005888369"
"勝又 修","かつまた おさむ",78,"1945年09月22日","男","O","katsumata_922@example.com","03-0923-6382","050-0398-6566","141-9480","東京都北区西ケ原2-1-904","","4262240641754277","01/28","459709398256"
"竹田 正雄","たけだ まさお",49,"1974年11月13日","男","O","masaotakeda@example.com","0799-24-2083","080-6947-8997","671-8596","兵庫県神戸市中央区元町通1-4-506","野崎運輸有限会社","375790570802879","03/27","877718141809"
"松嶋 丘","まつしま きゅう",58,"1965年11月06日","男","B","matsushimakyuu@example.net","0467-17-9339","070-7310-2147","217-4033","神奈川県横須賀市根岸町1-2-8","有限会社秀栄","3564501071603418","02/28","089115960955"
"亀井 潤","かめい じゆん",66,"1958年05月12日","男","AB","kameijiyun@example.jp","0463-08-2904","070-0993-7123","250-9746","神奈川県横浜市南区吉野町3-1-6","","4307371177558498","09/28","053261563432"
"川田 亮治","かわた りょうじ",42,"1982年02月26日","男","O","kawata_ryouji@example.ne.jp","045-625-7878","070-4114-8820","235-2999","神奈川県横浜市鶴見区下野谷町4-2-7","株式会社泉","3539995695949029","09/25","237640274190"
"野上 聡志","のがみ さとし",38,"1986年05月15日","男","A","satoshi_nogami@example.org","01587-5-7747","090-2353-8467","045-8268","北海道小樽市稲穂1-1-22","有限会社寿","3574527067001364","05/28","715023265310"
"西田 武志","にしだ たけし",60,"1963年09月10日","男","A","takeshinishida@example.jp","0943-32-5231","070-5525-3811","801-8777","福岡県福岡市博多区千代2-2-9","株式会社つなぐ","4721212487227440","05/26","578014641213"
"久保 恵美","くぼ えみ",61,"1962年12月16日","その他・不明","B","kubo_emi@example.jp","0867-50-7555","090-4615-9056","709-5548","岡山県岡山市南区福島1-3-4","","3564847072237494","04/29","474560929252"
"相川 準一","あいかわ じゅんいち",80,"1943年11月27日","男","O","aikawa1127@example.com","03-4114-4283","070-4296-4771","144-8649","東京都港区芝浦2-3-22","","4669078628204505","04/26","695248231724"
"小寺 洋介","こでら ようすけ",52,"1972年03月26日","男","O","koderayousuke@example.net","0948-70-8050","070-4890-0385","807-5060","福岡県筑紫野市天拝坂1-1-3","有限会社鈴木工務店","5196777554554341","09/27","803829071024"
"加藤 舞","かとう まい",60,"1963年08月11日","女","A","kato_811@example.jp","052-662-7752","050-2538-6123","483-0068","愛知県名古屋市北区大野町2-4-15","株式会社ミネルバ","377152901890024","01/25","293493165663"
"樋口 聡史","ひぐち さとし",71,"1953年06月19日","男","O","higuchi619@example.co.jp","0790-25-3285","080-4165-9964","651-5371","兵庫県神戸市中央区浜辺通3-2-12","","373478051691647","12/27","491041787400"
"井上 浩","いのうえ ひろし",51,"1972年11月17日","その他・不明","AB","hiroshiinoue@example.com","03-0130-2871","080-2275-1378","129-7955","東京都渋谷区恵比寿1-1-3","有限会社柳屋","4815940473992687","12/27","520657460757"
"竹内 暢","たけうち とおる",48,"1976年06月09日","男","A","takeuchi_tooru@example.co.jp","0837-98-4236","050-7873-3827","746-8356","山口県岩国市川西1-2-3","有限会社プロテック","4448353430733209","06/27","589015251186"
"長谷川 伸一","はせがわ しんいち",54,"1970年05月19日","男","A","shinichihasegawa@example.net","03-4496-2243","090-6252-6721","121-5261","東京都荒川区東尾久4-3-3","有限会社中島工業","5449296452681556","12/27","314223950064"
"古屋 洋輝","ふるや ひろき",59,"1965年03月18日","男","O","furuya318@example.co.jp","0980-22-9518","090-7310-8335","909-2677","沖縄県那覇市田原1-5-16","株式会社サンワールド","375254144906351","12/26","376311445219"
"坂本 聡","さかもと あきら",78,"1946年01月31日","男","B","sakamoto131@example.ne.jp","03-2999-6109","070-1081-0676","206-5470","東京都港区白金台2-2-9","","5291809057138738","01/27","883900857674"
"石井 康則","いしい やすのり",54,"1969年08月08日","男","B","yasunori_ishii@example.net","0438-73-6128","080-0572-7744","287-0457","千葉県千葉市若葉区みつわ台3-4-6","ネクサス合同会社","379971535476001","07/29","121537258260"
"山田 博一","やまだ ひろかず",23,"2001年05月20日","男","A","hirokazuyamada@example.co.jp","03-7714-5778","050-4454-6243","167-8203","東京都千代田区飯田橋3-3-22バンベール411","有限会社アプト","4823326532214877","11/26","878071506431"
"宮脇 文明","みやわき ふみあき",33,"1990年12月17日","男","O","miyawaki1217@example.com","0948-83-0257","050-5741-8148","838-0806","福岡県福岡市博多区住吉3-1-6","有限会社井上建設","3528704879601668","05/29","224998141589"
"下田 智裕","しもだ ともひろ",76,"1948年04月15日","女","O","shimoda_tomohiro@example.com","06-3977-5944","080-9334-0195","595-3986","大阪府大阪市中央区瓦町2-2-7","","5234140504399412","01/28","554709623694"
"嶋谷 佳介","しまたに かすけ",37,"1986年11月20日","男","O","kasuke_shimatani@example.net","03-5880-1020","080-7877-5853","197-6774","東京都足立区入谷3-2-4シャルム710","有限会社高橋建設","378613763294059","01/28","529305282074"
"大関 繁","おおぜき しげる",67,"1956年10月04日","男","B","ozeki_104@example.co.jp","03-9328-9669","080-8544-9727","133-5495","東京都品川区荏原1-1-5","","5367125874662142","10/24","735938515190"
"木村 えり","きむら えり",64,"1960年04月08日","女","A","erikimura@example.org","06-3705-0631","050-1350-0316","569-6758","大阪府大阪市中央区南久宝寺町1-5-10","","5153859503642905","09/28","453059188024"
"高橋 興平","たかはし こうへい",41,"1982年08月18日","男","A","kohei_takahashi@example.org","06-4263-3891","050-1899-7263","586-1998","大阪府守口市佐太中町2-3-3","合資会社小川屋酒店","372537775650386","10/28","715766583201"
"兼重 恵子","かねしげ けいこ",44,"1980年06月04日","その他・不明","A","kaneshige_64@example.net","079-012-4909","070-9620-9013","672-4311","兵庫県神戸市垂水区塩屋町2-3-14","中央商事株式会社","3554276577829609","06/25","867251731016"
"武田 由紀子","たけだ ゆきこ",38,"1986年03月26日","女","A","takeda_326@example.co.jp","0949-19-0378","090-9620-6838","839-3877","福岡県北九州市八幡西区穴生2-5-22クラシコ812","株式会社アスク","3576507362982904","10/26","922322382078"
"山口 真央","やまぐち まお",26,"1997年09月01日","女","B","yamaguchimao@example.net","03-8908-6251","070-8590-5091","169-5421","東京都世田谷区駒沢3-1-4","株式会社光和","375807795363899","07/29","182392273752"
"木村 京子","きむら きょうこ",80,"1943年12月21日","女","B","kimura1221@example.ne.jp","06-2315-8080","070-3220-1807","536-2433","大阪府大阪市中央区谷町1-2-709","","5509959553637648","10/27","933854600105"
"大西 あき","おおにし あき",31,"1993年05月26日","女","AB","onishi526@example.jp","03-3526-9732","080-3591-7850","149-4550","東京都町田市鶴川2-5-14","合同会社リハビリケア","3528643806890137","04/26","877242707825"
"山根 健人","やまね けんと",38,"1985年11月12日","男","O","kentoyamane@example.org","03-2013-5082","050-5739-6176","145-7872","東京都品川区二葉1-1-9リビオ610","株式会社ハートランド","372508807442464","12/26","378594971321"
"八幡 宏尚","やはた ひろたか",55,"1969年01月02日","男","B","yahata_hirotaka@example.ne.jp","06-2689-5473","050-8602-0341","536-7839","大阪府吹田市原町4-3-7","株式会社ネクスト","370093237727208","07/29","732952699459"
"横尾 眞一","よこお しんいち",78,"1946年08月01日","男","A","yokoo81@example.jp","01587-1-2825","090-1756-2837","000-2410","北海道札幌市豊平区平岸六条3-4-7","","4883423243433537","10/28","039764254817"
"宮城 貴裕","みやぎ たかひろ",53,"1971年03月27日","男","A","miyagi327@example.ne.jp","0799-90-2990","070-5658-4859","670-7927","兵庫県神戸市中央区熊内橋通1-2-8","株式会社コンフォート","3588673126959145","11/24","308947902320"
"森 有希子","もり ゆきこ",54,"1969年08月06日","女","O","yukikomori@example.co.jp","03-9423-9859","050-7876-5380","196-0183","東京都千代田区麹町1-5-402","新栄産業有限会社","4411200764806734","05/26","281652828379"
"川又 大介","かわまた だいすけ",46,"1978年01月08日","その他・不明","O","daisukekawamata@example.co.jp","03-9464-6143","090-9063-3882","167-3224","東京都豊島区池袋3-3-10","千秋オートサービス有限会社","3553220874531634","08/27","283439095948"
"中川 良仁","なかがわ よしと",79,"1944年09月02日","男","A","nakagawa_yoshito@example.co.jp","03-0966-4527","080-5173-8549","177-1357","東京都世田谷区松原2-3-19","","5450307880652576","06/25","149430875071"
"山本 和貴","やまもと かずき",75,"1948年12月19日","男","B","yamamotokazuki@example.net","03-8654-8284","070-2376-7593","189-2128","東京都中央区銀座1-1-9","","373754693376908","04/25","652319322520"
"佐藤 ゆうこ","さとう ゆうこ",42,"1982年01月15日","女","A","sato_115@example.com","03-2511-8333","050-7041-3744","176-4824","東京都世田谷区祖師谷3-3-5","株式会社ライトハウス","4262318274668764","07/29","978440712037"
"山下 健吾","やました けんご",43,"1981年05月26日","男","B","yamashita_526@example.co.jp","03-8051-5121","090-7434-9374","189-3290","東京都西東京市西原町1-1-6","株式会社ライト","3580731754624270","11/24","743422257872"
"阪本 大輔","さかもと だいすけ",20,"2004年04月29日","男","A","sakamoto_429@example.ne.jp","03-3351-7470","070-0650-5382","153-2617","東京都武蔵村山市本町1-5-18","合名会社三重鋳鋼所","5240829754511773","12/24","092572917071"
"田中 大輔","たなか だいすけ",67,"1956年12月05日","男","O","tanaka_daisuke@example.org","03-9222-0224","070-8624-0695","190-9628","東京都墨田区錦糸3-5-809","","371545133807268","01/27","263692613512"
"佐藤 佳美","さとう よしみ",67,"1957年05月08日","女","A","sato58@example.net","03-1665-4651","080-8719-2745","146-5261","東京都渋谷区千駄ヶ谷1-4-17","","379146899813483","04/29","912478475097"
"坂本 桃子","さかもと ももこ",27,"1996年10月17日","女","A","sakamotomomoko@example.com","0799-26-5972","070-0466-2318","655-4701","兵庫県神戸市須磨区西落合1-1-5","株式会社クラウド","374092639521587","03/29","337473181422"
"渡邊 誠","わたなべ まこと",61,"1962年10月19日","男","B","watanabe1019@example.co.jp","03-0217-2811","050-0298-5518","150-8661","東京都世田谷区北烏山1-1-4シティテラス407","","3584944342048011","07/29","008572229433"
"篠崎 秀明","しのざき ひであき",59,"1964年09月25日","男","A","shinozaki925@example.co.jp","079-111-4320","080-6011-2023","663-0029","兵庫県神戸市中央区磯辺通2-4-16","合名会社青雲荘","376818274327791","09/26","979317640184"
"小川 一彦","おがわ かずひこ",52,"1972年05月17日","その他・不明","A","ogawa_517@example.co.jp","0229-95-5260","050-3829-3032","989-3271","宮城県仙台市泉区虹の丘1-4-15","株式会社ブレイクスルー","3538395415325355","04/27","642115225814"
"北出 有香","きたで ゆか",59,"1964年10月08日","女","A","yuka_kitade@example.co.jp","06-6727-6778","050-9280-2017","589-2019","大阪府高石市取石3-3-6","有限会社幸","5547024461269887","09/24","709915613127"
"馬場 隆行","ばば たかゆき",43,"1981年05月14日","男","B","baba514@example.com","06-5876-2365","090-6673-0077","535-5639","大阪府大阪市中央区伏見町4-3-7シェトア816","","4744854818503164","12/27","650320831606"
"児玉 誠治","こだま せいじ",69,"1955年04月20日","男","A","kodama420@example.co.jp","0895-46-0406","090-8682-5874","797-7333","愛媛県松山市竹原3-3-7","","370951502436617","06/25","177609247379"
"木島 淳","きじま じゅん",52,"1971年09月02日","男","A","kijimajun@example.ne.jp","03-2371-9356","090-4501-7442","191-7753","東京都杉並区成田東3-3-6ハーティネス307","合同会社インテリアニシ","4839583844672992","07/27","273090316873"
"黒澤 仁","くろさわ ひとし",76,"1948年05月22日","男","O","hitoshi_kurosawa@example.co.jp","0965-35-2031","090-9735-6941","867-3788","熊本県熊本市東区江津2-5-5","","4336724613620287","09/28","241483523669"
"藤井 純一","ふじい じゅんいち",38,"1986年06月11日","その他・不明","A","junichi_fujii@example.co.jp","0226-94-0929","080-2151-8860","982-3949","宮城県仙台市宮城野区扇町4-1-7","株式会社クライス","3546365268504497","02/27","571627188550"
"門前 理恵","もんぜん りえ",68,"1956年04月03日","女","A","monzen_43@example.co.jp","03-7014-0797","070-3747-7233","109-0728","東京都中央区銀座3-2-7","","370425580714898","10/27","021015451022"
"鶴岡 明子","つるおか あきこ",59,"1964年11月02日","女","B","tsuruoka_akiko@example.ne.jp","0254-48-2293","070-6507-4892","956-1278","新潟県長岡市中島2-1-9ヴィラ606","","3535204073749232","04/29","868882916871"
"池野 一希","いけの かずき",64,"1960年03月12日","男","B","ikeno_312@example.ne.jp","0436-53-1458","090-0172-8168","293-4780","千葉県船橋市夏見台3-1-6","","4836238566537732","01/26","782548740264"
"広田 裕美","ひろた ゆみ",70,"1953年10月06日","女","O","yumi_hirota@example.com","03-2293-0688","080-0657-6455","145-2830","東京都杉並区荻窪1-2-8","","4614002861137970","03/26","741790726731"
"石川 愛","いしかわ あい",52,"1971年11月22日","女","O","aiishikawa@example.jp","03-6536-1703","090-0108-3480","188-8881","東京都渋谷区恵比寿1-2-8","合名会社上田商店","377696918731647","07/28","463688603749"
"赤松 和代","あかまつ かずよ",30,"1993年10月18日","女","A","akamatsukazuyo@example.co.jp","03-0261-7376","050-1470-2162","135-4406","東京都文京区千石2-3-8","有限会社末広","4610764521479696","01/27","980746444812"
"横山 明彦","よこやま あきひこ",23,"2001年02月26日","男","B","akihikoyokoyama@example.net","09496-6-5744","050-7755-0915","833-2872","福岡県福岡市西区姪浜駅南1-3-4","有限会社フォーチュン","3586814650104128","01/28","540395966736"
"小林 太郎","こばやし たろう",54,"1970年04月18日","男","A","taroukobayashi@example.com","0184-41-5759","050-2012-3961","013-1237","秋田県秋田市卸町2-2-4","境総合建設有限会社","371396473811142","02/29","120497338242"
"久保 康夫","くぼ やすお",68,"1955年12月09日","男","A","kubo_129@example.co.jp","0563-01-5935","080-8188-1314","489-9275","愛知県刈谷市元町1-1-17","","379956551196732","02/29","807900554657"
"川上 勉","かわかみ つとむ",39,"1985年03月25日","男","B","kawakamitsutomu@example.jp","0467-06-5783","070-7628-1354","211-6325","神奈川県横浜市南区南吉田町1-3-4アインス412","合資会社尾鷲東寶劇場","370437196081794","07/27","030944272085"
"唐橋 朋子","からはし ともこ",48,"1975年11月22日","その他・不明","A","tomokokarahashi@example.jp","0142-05-9712","090-6646-5486","088-2199","北海道北広島市西の里東1-3-9","株式会社ライフスタイル","5307910369867832","06/25","385969284986"
"石川 仁美","いしかわ ひとみ",77,"1947年02月14日","女","A","hitomi_ishikawa@example.org","048-794-6747","050-2277-5356","357-5672","埼玉県所沢市中新井2-3-8","","3539609518386588","02/29","763054712395"
"小林 邦昭","こばやし くにあき",58,"1966年02月17日","男","AB","kobayashikuniaki@example.net","03-7729-9600","050-3645-7229","148-0832","東京都港区新橋2-4-16","有限会社ナカガワ","371821146891858","12/28","784319486489"
"小林 友里","こばやし ゆり",55,"1968年09月19日","女","B","yurikobayashi@example.net","042-496-0689","070-2464-1095","357-3649","埼玉県深谷市上柴町西1-2-13","山口合名会社","4731843513572090","10/28","515442383340"
"佐藤 慎也","さとう しんや",45,"1978年09月08日","その他・不明","A","satoshinya@example.net","0467-72-4524","050-6562-3219","213-1495","神奈川県横浜市鶴見区鶴見中央4-1-4","株式会社蓮","4025025500405634","12/25","270416009675"
"小林 由美","こばやし ゆみ",72,"1952年06月01日","女","O","yumikobayashi@example.com","092-742-1076","070-2945-4483","837-1639","福岡県福岡市博多区博多駅前1-4-302ダイヤモンドマンション515","","372098529457438","03/26","553006607046"
"吉田 康郎","よしだ やすろう",56,"1967年11月12日","その他・不明","O","yoshida_yasurou@example.org","0479-02-0308","080-2672-8596","297-9742","千葉県船橋市西船3-3-16","有限会社小川商店","370180010582429","09/25","520472826720"
"石黒 史朗","いしぐろ しろう",26,"1997年08月19日","男","O","shirou_ishiguro@example.org","03-0537-0789","090-9069-0809","196-3573","東京都渋谷区広尾4-1-4","有限会社四季","4645594784798659","11/24","422426292523"
"前嶋 隼人","まえじま はやと",52,"1971年08月14日","男","A","maejimahayato@example.org","03-8461-0812","080-3462-5101","154-3997","東京都新宿区百人町2-4-13","合資会社三好野","3556532219442948","12/24","991198559179"
"宮本 千尋","みやもと ちひろ",47,"1977年02月12日","男","A","miyamotochihiro@example.ne.jp","0894-49-2665","080-7517-0577","798-7830","愛媛県松山市湊町2-5-19","株式会社エムアンドエム","5292768564092789","09/28","203914299800"
"熊野 達史","くまの たつふみ",65,"1959年06月26日","男","A","tatsufumi_kumano@example.jp","015-041-4353","080-2093-3297","050-4535","北海道旭川市永山二条2-1-6","","4276315145771805","07/27","634633000769"
"梶 信孝","かじ のぶたか",28,"1995年12月26日","男","O","nobutakakaji@example.co.jp","01392-3-1267","050-2865-0586","079-7771","北海道札幌市中央区北四条西2-3-4","株式会社F","5264666618632952","12/27","440834677431"
"早坂 祥子","はやさか しょうこ",46,"1978年04月06日","女","O","hayasakashouko@example.ne.jp","0576-58-1922","090-5934-6858","502-4154","岐阜県多治見市喜多町4-1-6","株式会社ヨシケン","4060300454507081","03/28","687266584712"
"石橋 真人","いしばし まひと",74,"1949年11月02日","男","A","ishibashi112@example.com","03-9593-1705","090-1808-8084","189-3530","東京都狛江市西野川1-3-5","","378100617326345","11/26","427271673462"
"土川 裕一","つちかわ ゆういち",66,"1957年09月24日","男","A","tsuchikawa_yuuichi@example.org","0795-66-7234","080-8019-7066","659-0490","兵庫県神戸市中央区磯辺通2-5-5","","5411597365797452","08/26","737749608253"
"桂川 千香子","かつらがわ ちかこ",46,"1977年10月19日","女","AB","katsuragawa_chikako@example.org","0436-01-4860","090-2917-4863","281-0202","千葉県市川市行徳駅前1-3-4","有限会社ヤマモト","3543963476901506","06/28","319074987539"
"財津 雄一","ざいつ ゆういち",49,"1974年12月10日","その他・不明","O","yuuichi_zaitsu@example.ne.jp","03-4024-5058","070-0090-7324","135-7477","東京都練馬区中村北1-2-907","","379357806293608","12/27","685852873682"
"山崎 みさ","やまざき みさ",45,"1979年02月13日","女","O","misa_yamazaki@example.org","06-1688-7919","050-4151-1362","584-7005","大阪府大阪市東住吉区北田辺1-3-3","株式会社アイプランニング","4232182138183999","03/25","761232572087"
"藤山 茉莉子","ふじやま まりこ",54,"1969年11月18日","女","AB","fujiyama_mariko@example.com","0887-75-8718","090-5041-8065","787-2577","高知県香美市土佐山田町東本町1-5-11メイツ107","有限会社石川商事","4310993389516744","11/25","982501378400"
"宮本 哲生","みやもと てつお",33,"1991年04月28日","男","A","miyamoto_428@example.net","03-4787-1416","070-8824-9407","161-6997","東京都江戸川区西瑞江2-1-5セントラル111","合同会社ヘルプリバー","5468361884363649","04/28","749137992710"
"齋藤 裕美","さいとう ゆみ",40,"1984年01月25日","女","A","saito_yumi@example.net","0460-43-9497","050-0017-3358","248-6392","神奈川県横須賀市久里浜4-3-6アリスト207","","3568089880853578","03/29","174609746449"
"津田 幸裕","つだ ゆきひろ",39,"1984年08月31日","男","O","tsuda_yukihiro@example.co.jp","0466-24-6807","080-4052-3736","227-0531","神奈川県横浜市泉区下和泉1-3-9","株式会社ウィズダム","4763169625281078","09/25","190535521224"
"宮本 明子","みやもと あきこ",44,"1980年01月31日","女","A","miyamoto_akiko@example.com","0228-59-8455","080-4536-5516","987-3360","宮城県仙台市青葉区中央4-3-5","株式会社リアライズ","4118033026749152","06/29","772984926580"
"柴田 ともみ","しばた ともみ",66,"1958年04月30日","女","AB","tomomi_shibata@example.co.jp","06-1857-8881","050-9435-4794","590-9208","大阪府大阪市中央区瓦町1-1-15","","3551825764654213","07/25","854989545212"
"小林 渉","こばやし わたる",42,"1981年10月14日","男","O","kobayashi_1014@example.co.jp","0561-41-8755","050-3365-6595","468-7405","愛知県名古屋市南区呼続4-2-10ヒルズ207","株式会社ヒロコーポレーション","5575374087203983","08/26","141809266250"
"高島 健太","たかしま けんた",49,"1975年07月06日","男","B","takashima76@example.net","03-0803-2061","050-5449-3751","159-2657","東京都港区港南2-5-15パークコート707","株式会社ジョイント","3538040772295615","03/28","838370426710"
"木崎 圭太郎","きざき けいたろう",79,"1945年06月29日","男","B","kizaki_keitarou@example.co.jp","0547-28-6397","070-5783-5007","416-0243","静岡県静岡市駿河区中田3-2-3","","378433962373897","04/25","386074856441"
"高江洲 学","たかえす まなぶ",28,"1996年01月31日","男","A","manabu_takaesu@example.co.jp","03-2366-1881","050-3432-6927","200-5015","東京都世田谷区粕谷3-5-302","有限会社フロンティア","3544111791076666","12/27","139573107282"
"高橋 啓介","たかはし けいすけ",27,"1996年09月27日","男","A","takahashikeisuke@example.jp","0436-04-2424","090-9610-0526","287-9339","千葉県船橋市夏見台3-1-10グランピア608","いろは土浦１合同会社","370976291121013","06/27","897305512915"
"林 裕文","はやし ひろふみ",22,"2001年08月27日","男","O","hayashi_hirofumi@example.ne.jp","0153-35-9193","090-8018-6868","070-2530","北海道札幌市中央区南五条西3-3-9","合同会社ミニクル","5268269913752827","08/27","430797272277"
"高橋 潤","たかはし じゆん",34,"1990年03月17日","男","O","jiyuntakahashi@example.jp","01634-7-3824","050-9941-1509","063-6486","北海道札幌市西区琴似一条3-5-107","合資会社新堀商店","5347155854472589","01/28","356523016708"
"小川 誠一","おがわ せいいち",57,"1966年10月02日","その他・不明","A","ogawa_102@example.org","0192-37-4207","090-9327-1537","020-1909","岩手県盛岡市青山2-2-16シェトア614","有限会社彩","3533935949089590","01/28","893393385841"
"秋山 秀規","あきやま ひでき",20,"2003年11月20日","男","B","akiyama_1120@example.org","0791-64-4598","050-7126-8167","679-0096","兵庫県宝塚市伊孑志3-3-19","","5560004840197704","12/25","694868456223"
"吾妻 幸","あづま さち",79,"1945年03月22日","女","B","azuma322@example.net","048-439-9889","070-8092-3624","356-5413","埼玉県川越市小仙波町1-2-5","","374841434863218","01/26","997213020190"
"萩尾 祥子","はぎお しょうこ",48,"1975年10月25日","女","O","shouko_hagio@example.com","0587-06-5581","050-4195-0921","449-9443","愛知県名古屋市天白区原3-3-9","有限会社一光","374215349796898","04/25","457439340754"
"赤坂 さちえ","あかさか さちえ",50,"1973年12月23日","女","A","akasaka_sachie@example.jp","03-8956-3364","070-1950-6494","126-4266","東京都町田市金井ヶ丘3-3-8","有限会社ダイケン","5583563101460120","09/25","581404435976"
"本郷 みか","ほんごう みか",44,"1979年10月13日","女","A","hongou1013@example.com","0577-48-6434","070-0078-2233","503-5755","岐阜県多治見市坂上町3-4-13","合名会社鈴商会","5376272798757456","08/27","201229495190"
"小野 浩二","おの こうじ",36,"1988年03月17日","男","AB","ono317@example.org","079-761-8079","070-3997-9894","666-7479","兵庫県神戸市須磨区西落合1-1-5","","5261544163199854","08/25","602406585050"
"大嶺 雄哉","おおみね ゆうや",38,"1985年11月20日","男","O","yuuyaomine@example.org","06-6674-5481","050-2404-7366","533-8843","大阪府大阪市北区天神橋4-1-6","有限会社太田商店","371312214602153","10/25","171468465395"
"江澤 瑞樹","えざわ みずき",25,"1999年03月01日","女","O","ezawa31@example.ne.jp","0795-98-5987","050-6499-9601","664-1088","兵庫県神戸市東灘区魚崎西町3-1-14エステムプラザ710","有限会社フルハウス","3535618131274406","04/25","346621517248"
"鶴岡 和子","つるおか かずこ",61,"1963年07月29日","女","O","tsuruoka_729@example.org","03-8967-5601","080-3819-1159","185-3236","東京都千代田区神田駿河台4-2-5","","374496003008511","10/25","534160547787"
"栗野 稔","くりの みのる",33,"1990年08月05日","男","O","kurino_minoru@example.jp","023-031-0031","050-5386-5834","997-8687","山形県山形市西田3-2-302","有限会社ハイテック","372656632421151","12/28","849487244495"
"秋本 知世","あきもと ちせ",63,"1961年07月19日","その他・不明","AB","akimoto_719@example.com","0463-36-7910","090-9926-6707","253-1186","神奈川県横浜市鶴見区鶴見中央3-3-6","","4786602436150671","02/27","299681018285"
"渡辺 光宏","わたなべ みつひろ",22,"2002年03月01日","男","B","watanabe_mitsuhiro@example.org","087-121-7256","080-4225-6994","760-9063","香川県観音寺市坂本町2-1-22","大和商事株式会社","3570606550214074","09/28","616551847110"
"杉浦 順子","すぎうら じゅんこ",22,"2001年09月30日","女","B","sugiurajunko@example.net","0438-54-9259","050-6774-6887","273-6135","千葉県船橋市西船1-1-409","窪田製菓合資会社","5103056296110833","07/29","898026635396"
"内村 賢太郎","うちむら けんたろう",50,"1973年12月27日","男","A","uchimura1227@example.com","03-1059-1460","050-6668-7681","199-0416","東京都台東区蔵前3-3-4","株式会社コンフォート","3579622813459548","05/26","433027806353"
"石橋 さくら","いしばし さくら",53,"1970年09月23日","女","A","sakura_ishibashi@example.com","03-5634-9702","050-4972-9769","148-7487","東京都豊島区巣鴨3-2-12","合同会社タカラ","4587621907236547","02/26","696656944140"
"藤澤 裕子","ふじさわ ゆうこ",54,"1970年06月10日","女","A","fujisawa_yuuko@example.org","03-5083-7366","080-9777-5613","152-7052","東京都渋谷区神宮前2-1-6","エステック株式会社","3567118299553643","02/26","635880201811"
"岩見 直隆","いわみ なおたか",70,"1954年05月22日","男","A","iwami_522@example.ne.jp","01457-7-0586","080-2157-6487","071-1914","北海道旭川市東八条3-4-18","","3561313392979490","02/27","518878751387"
"芹澤 太治","せりざわ たいじ",57,"1966年12月09日","男","O","serizawa129@example.net","06-3564-6766","050-5690-8288","530-6207","大阪府大阪市西区九条南2-2-1109パークコート808","合名会社さつて屋商店","372146307912866","01/26","192745550408"
"野々村 なつき","ののむら なつき",79,"1945年04月14日","女","AB","nonomuranatsuki@example.org","0566-95-1686","070-8873-8160","448-1776","愛知県春日井市北城町2-1-4","","372125339184173","11/26","041444224191"
"池田 洋祐","いけだ ようすけ",22,"2002年07月01日","男","AB","ikeda71@example.co.jp","03-9223-7721","050-1071-0615","206-9122","東京都杉並区荻窪3-2-10","株式会社北斗","376611693741688","07/25","628481373343"
"草間 治子","くさま はるこ",73,"1951年05月03日","女","O","harukokusama@example.net","03-6298-6765","050-5597-9684","174-7402","東京都日野市豊田3-2-17","","375058941316148","06/26","649919041109"
"小坂 博子","こさか ひろこ",48,"1975年11月05日","女","A","hiroko_kosaka@example.jp","03-4996-3117","050-5154-9987","114-3561","東京都文京区湯島2-2-4","","377541879280871","04/25","912922029406"
"石毛 真司","いしげ しんじ",25,"1998年08月24日","男","A","shinjiishige@example.com","0823-72-0244","090-8229-4810","731-3570","広島県広島市西区庚午中1-1-4","株式会社LIFE","3536814192679836","04/25","932078824093"
"西山 志乃","にしやま しの",79,"1944年10月15日","女","A","nishiyamashino@example.ne.jp","0796-03-4213","050-9355-5819","662-7955","兵庫県神戸市長田区長田天神町2-1-7","","5521153594621894","08/26","734603775671"
"中岡 夏","なかおか なつ",54,"1970年01月08日","女","AB","nakaoka_natsu@example.ne.jp","03-2848-9545","050-5805-1566","151-8915","東京都杉並区南荻窪2-1-6ハローマンション514","株式会社イシカワ","3552425694770491","11/24","475080223585"
"内田 博信","うちだ ひろのぶ",34,"1989年08月20日","男","B","hironobu_uchida@example.jp","093-886-3037","050-8948-4776","804-7692","福岡県大野城市東大利1-2-902","有限会社佐藤興業","5443712862444167","04/28","882810637776"
"竹井 史朗","たけい しろう",79,"1944年10月03日","男","B","takei103@example.net","0799-19-9086","090-0557-8708","670-9912","兵庫県尼崎市西立花町3-3-10","","5574642825437019","03/27","898431707884"
"船越 絵理子","ふなこし えりこ",22,"2001年08月14日","女","A","funakoshi_eriko@example.net","03-2243-4042","090-7368-6661","164-4225","東京都江戸川区鹿骨3-3-10","株式会社サンアイ","4066501067477307","10/24","577601963480"
"大迫 将史","おおさこ まさし",69,"1955年06月08日","男","A","masashiosako@example.org","044-518-5663","050-3058-5299","251-2688","神奈川県横須賀市根岸町1-2-5","","375183633888582","01/25","948905672243"
"仲 知義","なか ともよし",21,"2002年08月03日","男","B","naka83@example.jp","0795-89-2080","070-0968-5652","650-5937","兵庫県神戸市東灘区深江北町3-4-402","株式会社小林組","4041550697068994","01/25","710172267243"
"吉田 浩司","よしだ ひろし",70,"1953年12月11日","男","O","yoshidahiroshi@example.com","06-8205-5674","080-3524-0906","543-3472","大阪府大阪市東住吉区今林3-1-6ライフフィールド605","","3543549570854574","02/28","721069114457"
"横山 真生","よこやま まさゆき",78,"1945年10月16日","女","B","yokoyama_masayuki@example.com","078-389-9476","090-8764-6581","669-4638","兵庫県神戸市中央区栄町通1-1-8","","371064859691880","11/28","119481210272"
"石井 俊夫","いしい としお",35,"1989年04月17日","その他・不明","B","ishii_toshio@example.com","0220-34-5875","050-1119-4926","983-2828","宮城県仙台市太白区長町南2-5-21","","3545510566350868","11/27","579038674550"
"知念 和也","ちねん かずや",53,"1971年07月27日","男","O","kazuyachinen@example.org","06-3080-7814","070-4165-4011","596-4800","大阪府大阪市天王寺区上汐2-2-1002","","4091344463558704","09/26","638662465814"
"吉崎 怜","よしざき れい",36,"1988年05月20日","男","A","reiyoshizaki@example.ne.jp","0561-41-0435","090-8220-4120","492-3101","愛知県名古屋市港区多加良浦町3-2-805","株式会社のぞみ","4113142429982099","08/26","425683784967"
"川田 太郎","かわた たろう",47,"1976年09月30日","男","O","kawata_tarou@example.com","048-778-7783","090-2934-0415","330-3016","埼玉県朝霞市溝沼3-1-3","株式会社FIT","5558943134054101","02/27","682896950065"
"寺尾 和行","てらお かずゆき",73,"1951年05月12日","男","B","terao_512@example.org","0799-61-3138","070-3071-3823","656-9047","兵庫県尼崎市西難波町4-1-7ファスタージュ114","","370806530131996","07/25","531093853283"
"望月 昌浩","もちづき まさひろ",44,"1980年06月30日","男","AB","mochizuki_630@example.com","03-2895-5790","070-6354-9018","138-8876","東京都中央区築地3-2-14","有限会社ウィン","4949560554227453","05/26","442591088125"
"吉村 直樹","よしむら なおき",45,"1979年05月30日","男","A","naoki_yoshimura@example.net","047-892-4901","070-8981-7051","274-4608","千葉県君津市南子安4-3-9","","370262426062046","05/25","913547058033"
"早瀬 隆","はやせ たかし",32,"1991年11月26日","男","B","hayase1126@example.jp","03-0301-6338","070-7716-1412","145-1148","東京都板橋区常盤台4-1-4","合同会社セキグチ","4253077688256423","07/27","026054023455"
"樫村 美紀","かしむら みき",76,"1947年12月16日","女","A","miki_kashimura@example.co.jp","03-8502-4262","050-7683-0119","172-1908","東京都武蔵野市関前2-4-16サンコート204","","378831413956303","01/25","022082233559"
"山田 実","やまだ みのる",20,"2003年12月22日","男","B","yamada_1222@example.com","03-9999-0721","050-0804-0480","138-0911","東京都狛江市岩戸南1-1-5","株式会社アリス","3549658700201244","03/25","698318626437"
"橋本 綾子","はしもと あやこ",43,"1981年02月26日","女","O","ayakohashimoto@example.jp","03-4071-5237","050-4813-4660","134-3844","東京都江戸川区西瑞江2-2-13","株式会社マルシン","4249819708135005","11/24","355776374485"
"牧野 愛","まきの あい",38,"1986年03月01日","女","B","makinoai@example.jp","0770-20-1385","070-7904-5841","917-5622","福井県福井市板垣1-1-22","合名会社だるまや","5279585063951621","02/26","174784613842"
"藤野 美和","ふじの みわ",38,"1985年08月14日","女","A","miwafujino@example.net","0930-89-2390","070-5944-9438","802-9676","福岡県北九州市小倉北区中井3-3-7グレーシィ709","株式会社フレスコ","3552745685273274","02/25","438381271400"
"瀧田 伸明","たきた のぶあき",62,"1961年09月06日","男","B","takita_96@example.co.jp","04-7912-0759","070-1215-0608","273-6420","千葉県市川市南八幡1-4-3","","3534742780680720","12/27","887270207523"
"西野 三重子","にしの みえこ",68,"1956年02月01日","女","O","miekonishino@example.org","03-8043-4423","070-4280-8352","198-2134","東京都千代田区飯田橋3-5-8サンシティ601","","3577036413270647","11/28","298051290126"
"寺町 崇史","てらまち たかし",21,"2003年02月17日","男","A","teramachitakashi@example.jp","06-7378-5471","070-7582-4836","573-2513","大阪府八尾市春日町4-3-10ファスタージュ106","合名会社大東製材所","3546999451267007","04/27","031375880450"
"宮原 久嗣","みやはら ひさし",78,"1946年04月23日","男","A","miyaharahisashi@example.net","084-927-9874","070-0932-4080","735-7536","広島県広島市西区楠木町2-2-21ロイヤルアーク706","","5470525514708474","02/28","499397515219"
"広瀬 由紀子","ひろせ ゆきこ",29,"1995年06月13日","女","AB","yukiko_hirose@example.co.jp","03-3901-5310","080-1093-5060","139-7040","東京都練馬区田柄3-2-3","","4173893809105787","01/25","160649967560"
"小池 学","こいけ まなぶ",40,"1983年11月20日","男","A","koike1120@example.net","03-3774-7000","080-3495-6575","185-2957","東京都中央区日本橋本石町2-3-3","合資会社大利根製材木工所","5211007282729689","06/28","456818901368"
"飯尾 憲史","いいお のりふみ",39,"1985年04月18日","男","O","iio_418@example.jp","03-7857-6109","090-7134-2224","101-9003","東京都練馬区西大泉3-5-702","株式会社幸","3583315776335128","04/28","389989559243"
"小島 健二","こじま けんじ",46,"1977年08月31日","男","O","kojima_kenji@example.com","0895-19-1045","050-5427-7851","798-7295","愛媛県松山市三番町2-2-6","","4654888957982472","07/28","339354605764"
"高村 泰久","たかむら やすひさ",20,"2003年10月08日","男","A","yasuhisa_takamura@example.ne.jp","03-8150-4075","080-9352-4084","136-9098","東京都荒川区東日暮里2-5-15シャリエ409","三弘印刷有限会社","4874189445940873","07/27","897093144651"
"石原 浩光","いしはら ひろみつ",27,"1996年10月27日","男","B","hiromitsuishihara@example.co.jp","0565-02-9936","080-6490-8363","457-2092","愛知県清須市桃栄1-2-20","有限会社フレンズ","377720989287493","06/27","263057074575"
"後藤 良行","ごとう よしゆき",80,"1943年12月03日","男","AB","yoshiyukigoto@example.net","03-0460-6570","050-1650-1337","135-0477","東京都品川区東五反田2-5-208ジオ609","","4837900144001858","07/29","234472328779"
"宮田 正道","みやた まさみち",51,"1973年02月03日","男","A","masamichimiyata@example.com","0794-35-0022","050-1116-7430","660-0509","兵庫県神戸市東灘区御影中町1-5-303","有限会社金子製作所","378243803469048","08/24","883524870125"
"吉田 達也","よしだ たつや",20,"2003年12月25日","男","A","yoshida_tatsuya@example.net","0475-21-6130","090-1626-6522","263-9660","千葉県我孫子市南新木2-4-14","株式会社レックス","375496854469134","07/28","774850416490"
"今井 香澄","いまい かすみ",51,"1973年04月20日","女","B","imaikasumi@example.jp","03-1343-0103","070-1131-6509","189-1979","東京都港区南青山3-1-7","有限会社イング","5136710436474993","07/29","242857996880"
"長瀬 浩史","ながせ ひろし",73,"1951年06月16日","男","A","nagase_hiroshi@example.com","03-6349-4826","050-0588-3477","106-7158","東京都荒川区西尾久2-1-8","","378496395321452","12/26","820463392533"
"宮崎 駿","みやざき しゅん",28,"1996年02月15日","男","O","shun_miyazaki@example.com","03-7480-7813","080-9729-8330","179-6105","東京都足立区東伊興1-5-908ブリッジコート415","合同会社ミライン","4344818666733920","06/26","260674869977"
"福村 勝弘","ふくむら まさひろ",64,"1960年06月10日","男","A","fukumura_610@example.jp","03-6485-4433","050-3102-0371","152-4522","東京都港区虎ノ門1-1-6","","5490014539166600","08/27","852417269203"
"岡部 和樹","おかべ かずき",45,"1979年07月22日","男","B","okabekazuki@example.ne.jp","0133-56-3850","090-0901-5772","089-1101","北海道釧路市文苑3-5-22","合資会社菊川組","3574249269486729","10/24","538951972711"
"若山 勇樹","わかやま ゆうき",73,"1951年02月16日","男","A","wakayamayuuki@example.org","0283-05-5149","050-6586-6242","320-2163","栃木県宇都宮市富士見が丘2-2-7ランズ314","","5220481747170202","01/29","210947377692"
"伊庭 光里","いば みさと",56,"1968年02月24日","女","A","misato_iba@example.jp","06-1705-6188","080-9910-1218","568-0138","大阪府大阪市東住吉区北田辺3-2-5サンロイス806","株式会社中川","377417798497542","01/27","724856224722"
"遠藤 かおる","えんどう かおる",62,"1961年09月29日","女","A","kaoruendou@example.com","03-0956-9988","050-5974-6876","173-0016","東京都墨田区江東橋1-3-9","","3580953434076784","04/26","246588375020"
"木村 順子","きむら じゅんこ",30,"1994年03月06日","女","O","kimura_36@example.org","046-364-7315","050-0293-7946","230-8391","神奈川県横浜市鶴見区鶴見中央1-2-9","株式会社信和","5413278651369243","06/27","126760298410"
"小野 英文","おの ひでふみ",55,"1969年02月18日","男","A","ono218@example.jp","06-0309-9820","080-7388-2959","534-0451","大阪府大阪市生野区巽西3-3-10","株式会社マークス","4597692316801542","06/28","604839136970"
"塚田 正","つかだ ただし",23,"2000年09月22日","男","A","tadashitsukada@example.org","096-394-6605","090-1177-5178","865-1822","熊本県熊本市東区東野3-3-13","有限会社タートル","3529860364854706","09/28","844914969518"
"福本 充宏","ふくもと みつひろ",44,"1980年03月21日","男","B","fukumotomitsuhiro@example.org","06-4649-9850","080-4503-2802","563-6801","大阪府大阪市生野区新今里1-3-10","株式会社エイコー","4212975262391930","07/26","952495984517"
"大竹 大","おおたけ だい",58,"1966年06月01日","その他・不明","B","dai_otake@example.ne.jp","0179-06-0882","090-1881-0834","035-3247","青森県青森市八重田3-3-9","合同会社津東プロジェクト","378798042534381","05/25","720823920680"
"金澤 将則","かなざわ まさのり",58,"1966年02月20日","男","A","masanori_kanazawa@example.co.jp","03-9473-1156","070-2001-6817","140-4114","東京都墨田区東向島3-1-703ロジュマン203","有限会社ガイア","4985149838228514","09/26","799412019430"
"杉山 裕太","すぎやま ゆうた",44,"1980年04月13日","男","B","sugiyama_413@example.ne.jp","03-1139-8909","070-6924-0343","159-0588","東京都港区三田4-3-9","株式会社かがやき","5199056568594453","03/25","439304761751"
"佐藤 里恵","さとう りえ",79,"1944年11月14日","女","A","rie_sato@example.org","03-1728-1812","090-3089-4412","186-8259","東京都世田谷区船橋2-3-6","","5363591653555506","09/28","333051409310"
"馬場 真治","ばば しんじ",67,"1957年06月19日","男","O","shinjibaba@example.org","0564-87-5380","070-5453-3595","443-4008","愛知県名古屋市北区下飯田町2-1-22","","5567753402968802","06/26","939545234429"
"秋吉 和泉","あきよし いずみ",63,"1960年11月12日","女","B","akiyoshiizumi@example.co.jp","0576-04-7120","050-9238-6414","509-9671","岐阜県大垣市南頬町3-1-6","","378979897732714","10/27","778220687350"
"四元 彩","よつもと あや",31,"1993年01月30日","女","A","yotsumoto_130@example.co.jp","03-2488-5371","050-5955-9766","179-8439","東京都港区西麻布2-1-21クレアシティ703","株式会社アップ","373802018723963","01/26","485365281924"
"堀 智彦","ほり ともひこ",71,"1953年01月05日","男","A","hori_15@example.com","03-1416-5983","080-6350-0654","112-2212","東京都練馬区田柄2-2-13","","5230995142694951","09/27","265881299503"
"中 貴史","なか たかし",76,"1948年03月02日","男","A","takashi_naka@example.jp","01457-9-4207","070-0567-9552","070-6067","北海道帯広市西七条南4-1-6","","378288269180456","05/29","880218330053"
"福井 薫","ふくい かおる",48,"1976年06月10日","男","B","fukui_kaoru@example.net","03-7676-5892","090-6368-8124","101-7480","東京都大田区大森南3-1-1103","株式会社吉田工務店","5415594028554236","10/27","961536187740"
"伊藤 貴也","いとう やかや",53,"1971年06月22日","男","A","itoyakaya@example.jp","03-4211-4020","070-6280-2253","148-1071","東京都文京区本駒込3-4-20","有限会社ウィズ","378812752829657","08/26","708816246108"
"田谷 千夏","たや ちなつ",64,"1960年03月04日","女","O","tayachinatsu@example.jp","03-0093-4790","080-6620-5641","115-8477","東京都練馬区氷川台3-2-5","","3533147439152470","10/26","983501172131"
"西村 誠也","にしむら まさや",46,"1978年02月03日","男","A","nishimura_23@example.co.jp","0475-71-8028","050-5935-1061","278-3584","千葉県船橋市本町2-3-9","株式会社ベネフィット","4235686471600580","11/28","485741477827"
"西田 健一郎","にしだ けんいちろう",39,"1984年10月08日","男","A","nishida_108@example.jp","078-870-1900","090-9368-0363","672-3656","兵庫県三木市緑が丘町西2-4-12","株式会社セイシン","4858837121267660","11/27","954088916178"
"堀越 百恵","ほりこし ももえ",53,"1970年12月08日","女","A","horikoshi_128@example.jp","045-946-5485","090-6279-3207","237-0488","神奈川県横須賀市根岸町3-2-3","東和工業株式会社","374010237443574","02/25","714021426825"
"福島 真也","ふくしま しんや",49,"1975年06月23日","男","B","fukushima_shinya@example.com","0562-42-3873","090-6501-4785","485-9821","愛知県名古屋市中村区名駅3-5-7","株式会社プラスワン","377001109838832","05/26","933086854720"
"杉田 智士","すぎた さとし",26,"1997年08月25日","男","B","satoshisugita@example.co.jp","03-8684-2972","070-6542-2524","119-5924","東京都台東区千束2-2-3","","5316391455569443","05/28","723526369060"
"西尾 崇","にしお たかし",69,"1954年10月07日","男","O","nishiotakashi@example.jp","0865-15-9723","080-5274-1896","708-1256","岡山県岡山市南区福島1-3-4","","4364822962101746","04/25","927600232440"
"植松 彩加","うえまつ あやか",58,"1966年03月20日","女","A","ayaka_uematsu@example.jp","03-9838-7227","050-4738-6598","107-4401","東京都渋谷区神宮前3-4-15","有限会社西村商店","3530403475415997","12/26","099841238440"
"松浦 浩","まつうら ひろし",44,"1979年12月20日","男","O","matsuura_hiroshi@example.co.jp","0790-80-6346","080-3369-2565","672-1649","兵庫県神戸市中央区旭通2-4-8","株式会社TAKE","379239002309174","05/27","665823614065"
"中川 佳史","なかがわ よしふみ",48,"1975年11月22日","その他・不明","B","yoshifumi_nakagawa@example.com","06-9587-2238","050-2837-2754","592-8467","大阪府八尾市田井中1-5-16","有限会社中村商事","374495971700059","12/24","558476016046"
"木村 浩一","きむら こういち",73,"1950年09月17日","男","A","kimura_917@example.co.jp","03-1543-0125","050-7692-9298","124-8558","東京都北区浮間1-3-6","","376385411530430","09/28","211192399034"
"木村 文子","きむら あやこ",39,"1984年11月27日","女","A","kimuraayako@example.jp","03-6571-7125","070-8134-2833","111-8428","東京都港区芝3-3-12トーカンマンション811","合名会社大森精米所","379677337675894","11/27","765567678284"
"柿崎 透","かきざき とおる",55,"1969年04月14日","男","O","tooru_kakizaki@example.ne.jp","06-9897-1049","080-6977-9453","551-6156","大阪府豊中市城山町1-1-8ネオライフマンション214","合同会社カドヤ・モーター","377915483736488","09/28","053474735415"
"斎藤 由佳","さいとう ゆか",58,"1965年09月20日","女","A","yuka_saito@example.com","03-1766-0880","050-6963-0200","186-2417","東京都渋谷区恵比寿2-3-4","株式会社COLORS","4735001100809542","04/25","753759038655"
"岩谷 泰介","いわたに たいすけ",67,"1956年12月01日","男","O","taisukeiwatani@example.jp","0142-70-5678","070-4428-2246","077-7830","北海道帯広市西十五条北1-4-8","","3556784600078738","05/25","150356802669"
"田中 聖子","たなか せいこ",80,"1943年09月16日","女","B","tanaka_seiko@example.ne.jp","03-9968-8896","090-8983-3075","104-9201","東京都江東区白河2-1-11","","3545338745946145","08/24","143193302861"
"青柳 美枝子","あおやぎ みえこ",40,"1984年07月21日","女","A","aoyagi721@example.com","03-6240-0044","050-0093-9626","128-8358","東京都荒川区東日暮里2-1-8","株式会社ライフテック","5180736735086381","12/24","113933196126"
"常岡 司","つねおか つかさ",54,"1969年12月04日","男","O","tsukasatsuneoka@example.co.jp","06-2559-3506","080-8154-2221","587-7418","大阪府大阪市城東区関目3-1-8グランドプラザ113","有限会社宏和","376399591297827","08/26","421649001885"
"田中 順子","たなか じゅんこ",80,"1943年08月28日","女","AB","junkotanaka@example.ne.jp","093-177-1243","070-6231-2525","801-4342","福岡県福岡市中央区天神2-5-15","","3580815965134680","09/24","216929775964"
"石野 純平","いしの じゅんぺい",26,"1998年07月05日","男","O","ishino_75@example.jp","03-1653-9723","090-1677-1805","197-2196","東京都中央区日本橋本町3-2-9","合名会社和家商會","375441933191440","03/25","956517004398"
"嶋倉 久美子","しまくら くみこ",39,"1985年07月24日","女","A","shimakura_kumiko@example.org","03-6844-7478","080-8366-0312","140-5429","東京都板橋区板橋3-3-10","株式会社さくら","5460022143907471","07/26","975905769082"
"中田 茂美","なかた しげみ",26,"1998年02月26日","女","A","nakata_shigemi@example.ne.jp","06-6308-5638","090-1323-1983","540-6447","大阪府大阪市鶴見区安田2-1-7","Ａｗａｔｌｙ合同会社","3559981417686011","01/29","497237606886"
"安藤 あゆみ","あんどう あゆみ",26,"1997年11月14日","女","A","andou_1114@example.co.jp","06-7979-5555","090-6234-2263","585-6873","大阪府守口市南寺方東通4-3-10","有限会社長谷川商店","3544355097759216","02/29","520612127780"
"天野 研一","あまの けんいち",22,"2002年01月19日","男","A","amano119@example.ne.jp","0182-50-3880","090-7217-6263","012-2297","秋田県秋田市中通2-1-7","合同会社アウラ","5331729098322921","08/28","158887192521"
"村山 洋","むらやま ひろし",21,"2003年03月14日","その他・不明","A","murayamahiroshi@example.com","03-9668-1419","090-6251-8160","203-9833","東京都目黒区上目黒3-1-17","有限会社やまもと","3530040320073660","10/24","782479265125"
"河島 真一","かわしま しんいち",26,"1998年04月16日","男","AB","kawashima_shinichi@example.com","06-3915-5392","050-4760-1988","589-5036","大阪府大阪市城東区成育2-3-8","有限会社高橋工務店","373046504989437","07/28","609279603502"
"黒滝 大","くろたき だい",26,"1998年07月22日","男","A","kurotaki_dai@example.com","098-711-3133","080-0086-8100","907-5547","沖縄県名護市大中3-1-701グレイスハイツ209","株式会社エイト","5378767608197916","11/28","897337778100"
"山下 裕美","やました ゆみ",52,"1971年11月16日","女","A","yamashita_yumi@example.org","0494-39-9466","050-4543-0509","338-6914","埼玉県さいたま市岩槻区東岩槻3-3-21","株式会社三光","4555635246411353","09/28","729002565277"
"信川 朋","のぶかわ とも",27,"1997年01月16日","女","AB","tomo_nobukawa@example.ne.jp","0791-34-6350","070-1629-2817","652-0962","兵庫県姫路市安田2-3-603","有限会社大新","5141195058894475","01/25","136140405905"
"村山 智隆","むらやま ともたか",61,"1963年05月05日","男","A","murayama_55@example.com","03-2332-2835","090-3162-9053","175-5169","東京都新宿区西新宿2-5-20","","4165752420674151","08/27","025688768732"
"内藤 吉信","ないとう よしのぶ",35,"1988年08月28日","男","A","naito_yoshinobu@example.com","0463-02-8318","050-4188-3912","224-6561","神奈川県座間市入谷東1-4-8ロイヤルマンション806","ナーセリー合資会社","374581036702972","05/27","184356319340"
"北 彰久","きた あきひさ",43,"1981年05月31日","男","O","kita531@example.net","03-0864-9643","050-8542-5795","132-6075","東京都板橋区高島平3-5-4","合同会社サイテックサポート","4447827011495800","09/27","552412588226"
"渡部 邦彦","わたなべ くにひこ",67,"1957年04月12日","男","A","kunihikowatanabe@example.net","03-9848-4786","080-1384-9807","103-5441","東京都中野区中央3-3-12","","5445610933422931","08/27","777193406461"
"宮崎 久美","みやざき くみ",38,"1985年09月27日","女","A","kumi_miyazaki@example.com","049-546-9344","070-6087-5099","363-1148","埼玉県川口市朝日3-3-8","株式会社タツミ","5390138654051478","09/25","900998623830"
"山本 敦","やまもと あつし",51,"1973年03月24日","男","A","yamamoto_atsushi@example.org","0944-23-8293","090-5647-5681","865-7467","熊本県熊本市東区花立2-5-20","有限会社司工業","4897328947826619","03/25","855390927091"
"太田 真紀","おおた まき",53,"1971年07月28日","女","O","maki_ota@example.com","03-9792-9650","070-2787-1218","131-9558","東京都江戸川区船堀1-1-9","有限会社トータス","379559128356605","10/27","497638381917"
"野口 昌子","のぐち まさこ",21,"2003年04月02日","女","B","masakonoguchi@example.co.jp","052-397-1272","080-1737-6921","473-7011","愛知県名古屋市瑞穂区妙音通3-4-13","合同会社Ｙｕｉｂｉ","4357306111372019","01/29","034021269664"
"南雲 一夫","なぐも かずお",65,"1958年09月27日","男","A","kazuonagumo@example.jp","0564-11-6082","070-8243-4173","488-5581","愛知県小牧市中央2-5-22","","376504762157649","09/27","247259344790"
